date;dY_prod;dY_inc;dY;dhours;dLP;dk;dLQ_BLS_interpolated;dLQ_Aaronson_Sullivan;dLQ;alpha;dtfp;dutil;dtfp_util;relativePrice;invShare;dtfp_I;dtfp_C;du_invest;du_consumption;dtfp_I_util;dtfp_C_util
1947:Q2;1.22;1.73;1.48;-0.51;1.98;5.16;0.53;;0.53;0.33;-0.22;1.15;-1.37;-4.5;0.19;-3.86;0.64;0.42;1.32;-4.28;-0.68
1947:Q3;-0.94;0.77;-0.08;3.08;-3.17;3.94;0.51;;0.51;0.33;-3.79;-5.42;1.62;5.98;0.19;1.06;-4.92;-9.28;-4.52;10.35;-0.4
1947:Q4;8.28;5.46;6.87;3.03;3.84;3.13;0.49;;0.49;0.33;3.47;5.17;-1.7;5.17;0.19;7.65;2.48;13.19;3.27;-5.54;-0.79
1948:Q1;7.17;12.8;9.99;-1.98;11.96;3.72;0.47;;0.47;0.33;9.78;-2.34;12.12;4.61;0.19;13.5;8.89;-6.29;-1.39;19.79;10.28
1948:Q2;8.24;11.24;9.74;0.18;9.56;4.38;0.34;;0.34;0.33;7.96;-0.6;8.56;-4.17;0.19;4.57;8.74;-7.82;1.07;12.4;7.67
1948:Q3;1.66;-0.6;0.53;3.63;-3.1;4.58;0.22;;0.22;0.33;-3.56;-4.86;1.31;-8.88;0.19;-10.75;-1.87;-0.38;-5.92;-10.36;4.05
1948:Q4;-0.27;1.44;0.58;-2.56;3.15;4.76;0.09;;0.09;0.32;0.71;-2.16;2.87;-4.85;0.19;-3.21;1.64;0.56;-2.81;-3.77;4.45
1949:Q1;-6.9;-9.67;-8.28;-5.65;-2.63;4.74;-0.04;;-0.04;0.32;-5.96;-4.1;-1.86;-2.37;0.19;-7.88;-5.51;-8.44;-3.09;0.56;-2.43
1949:Q2;-2;-1.85;-1.93;-3.61;1.69;3.32;0.25;;0.25;0.32;-0.72;-6.95;6.23;-2.85;0.2;-3.01;-0.15;-12.6;-5.55;9.6;5.39
1949:Q3;4.78;2.65;3.72;-6.62;10.34;2.4;0.53;;0.53;0.33;7.05;3.49;3.56;0.2;0.2;7.21;7.01;11.54;1.5;-4.33;5.5
1949:Q4;-4.2;-7.15;-5.67;-5.15;-0.52;2.29;0.81;;0.81;0.33;-3.52;-3.65;0.13;0.62;0.2;-3.02;-3.64;-13.49;-1.13;10.47;-2.51
1950:Q1;18.8;19.26;19.03;1.28;17.76;1.67;1.09;;1.09;0.34;16.9;8.77;8.13;-1.39;0.2;15.79;17.18;22.58;5.32;-6.79;11.86
1950:Q2;13.33;18.39;15.86;8.82;7.05;2.5;0.84;;0.84;0.34;8.63;9.17;-0.53;-2.75;0.2;6.44;9.19;21.41;6.04;-14.97;3.15
1950:Q3;16.47;16.36;16.41;10.17;6.24;3.26;0.59;;0.59;0.34;8.21;8.23;-0.02;2.61;0.23;10.22;7.62;10.25;7.63;-0.02;-0.02
1950:Q4;4.38;4.26;4.32;2.46;1.87;4.06;0.34;;0.34;0.34;1.09;0.37;0.73;-1.11;0.21;0.21;1.33;-3.53;1.39;3.75;-0.07
1951:Q1;3.89;0.03;1.96;4.13;-2.18;4.79;0.09;;0.09;0.34;-2.46;0.48;-2.94;-0.15;0.21;-2.58;-2.43;-2.51;1.26;-0.07;-3.69
1951:Q2;3.85;3.95;3.9;2.07;1.83;3.99;0.12;;0.12;0.34;1.1;2.93;-1.83;-0.22;0.19;0.92;1.14;1.39;3.28;-0.48;-2.13
1951:Q3;6.42;4.95;5.69;-4.69;10.37;4.32;0.14;;0.14;0.33;7.28;-3.72;11;0.46;0.18;7.66;7.2;-6;-3.2;13.66;10.4
1951:Q4;0.23;3.49;1.86;1.37;0.49;3.79;0.16;;0.16;0.33;-0.41;0.65;-1.06;0.87;0.18;0.3;-0.57;0.23;0.74;0.07;-1.31
1952:Q1;3.72;1.67;2.7;1.83;0.86;3.11;0.18;;0.18;0.32;0.33;5.28;-4.95;-3.18;0.18;-2.27;0.91;5.36;5.26;-7.63;-4.35
1952:Q2;-0.84;0.95;0.05;-4.13;4.19;3.2;0.35;;0.35;0.32;1.61;-6.12;7.73;3.86;0.19;4.75;0.89;-11.54;-4.87;16.29;5.76
1952:Q3;2.28;3.29;2.79;1.33;1.45;2.72;0.52;;0.52;0.31;0.66;3.86;-3.2;0.82;0.17;1.34;0.52;0.23;4.59;1.11;-4.07
1952:Q4;15.97;15.02;15.49;9.56;5.93;2.43;0.69;;0.69;0.31;7.68;7.55;0.14;7.51;0.18;13.82;6.31;20.9;4.54;-7.09;1.76
1953:Q1;8.42;7.97;8.19;2;6.19;3.12;0.85;;0.85;0.31;5.26;-3.85;9.1;-3.28;0.19;2.6;5.88;-3.89;-3.84;6.49;9.72
1953:Q2;2.78;2.31;2.55;-0.5;3.05;3.42;0.85;;0.85;0.31;1.25;-3.29;4.54;-0.62;0.19;0.75;1.37;-2.83;-3.39;3.58;4.76
1953:Q3;-3.71;-4.11;-3.91;-3.48;-0.43;3.37;0.86;;0.86;0.31;-3.12;-8.3;5.18;3.25;0.19;-0.49;-3.74;-9.86;-7.93;9.37;4.19
1953:Q4;-7.58;-10.14;-8.86;-6.6;-2.25;3.39;0.86;;0.86;0.31;-5.91;-8.08;2.17;0.83;0.19;-5.23;-6.06;-12.85;-6.97;7.62;0.9
1954:Q1;-2.5;1;-0.75;-2.56;1.81;2.85;0.87;;0.87;0.31;-0.44;-5.77;5.33;-3.28;0.18;-3.12;0.16;-7.21;-5.45;4.09;5.61
1954:Q2;-0.08;0.3;0.11;-5.48;5.59;2.44;0.66;;0.66;0.31;2.7;-0.41;3.1;4.28;0.19;6.18;1.89;-0.63;-0.36;6.81;2.25
1954:Q3;4.74;3.62;4.18;-1.52;5.7;2.12;0.45;;0.45;0.31;4.26;0.42;3.84;5.72;0.19;8.92;3.2;0.87;0.32;8.05;2.88
1954:Q4;8.54;9.26;8.9;2.8;6.1;2.33;0.24;;0.24;0.32;6.08;4.19;1.9;1.12;0.19;6.99;5.87;9.19;3.03;-2.2;2.84
1955:Q1;13.42;12.96;13.19;7.3;5.89;2.45;0.04;;0.04;0.33;7.46;9.04;-1.58;0.92;0.19;8.21;7.29;17.35;7.08;-9.15;0.21
1955:Q2;7.85;9.71;8.78;4.23;4.56;2.89;0.06;;0.06;0.33;4.96;3.65;1.32;-1.25;0.2;3.97;5.21;3.29;3.74;0.68;1.48
1955:Q3;5.46;5.39;5.43;6.02;-0.59;3.43;0.08;;0.08;0.33;0.22;-1.35;1.57;-2.37;0.21;-1.66;0.71;-2.36;-1.08;0.7;1.79
1955:Q4;1.84;2.67;2.25;4.44;-2.19;3.7;0.1;;0.1;0.33;-2.01;3.66;-5.67;-1.54;0.2;-3.24;-1.7;1.81;4.14;-5.05;-5.83
1956:Q1;-2.49;-0.11;-1.3;-0.98;-0.32;3.96;0.13;;0.13;0.32;-2.01;-4.06;2.05;0.06;0.2;-1.97;-2.02;-12.81;-1.9;10.85;-0.12
1956:Q2;3.42;4.41;3.92;1.08;2.83;3.61;0.22;;0.22;0.32;1.88;-4.62;6.5;0.37;0.2;2.18;1.81;-7.61;-3.88;9.79;5.68
1956:Q3;-1.71;-0.74;-1.22;-1.66;0.44;3.56;0.3;;0.3;0.32;-1.42;0.72;-2.14;-2.99;0.2;-3.82;-0.83;5.17;-0.38;-8.98;-0.44
1956:Q4;7.21;7.69;7.45;-1;8.45;3.53;0.39;;0.39;0.31;6.76;3.92;2.84;-3.91;0.2;3.63;7.54;9.45;2.53;-5.82;5.01
1957:Q1;2.44;0.48;1.46;-0.18;1.63;3.46;0.48;;0.48;0.32;0.16;-3.67;3.83;-0.44;0.2;-0.2;0.25;-6.48;-2.96;6.28;3.2
1957:Q2;-2.09;-1.46;-1.78;-2.17;0.4;3.38;0.48;;0.48;0.32;-1.68;-7.6;5.91;-0.9;0.2;-2.4;-1.5;-15.17;-5.7;12.77;4.19
1957:Q3;3.74;1;2.37;-0.35;2.71;3.3;0.48;;0.48;0.31;1.24;-3.13;4.37;2.19;0.2;2.99;0.8;-3.36;-3.07;6.35;3.87
1957:Q4;-5.25;-5.79;-5.52;-9.38;3.86;3.51;0.48;;0.48;0.31;-0.49;-9.33;8.84;-1.01;0.2;-1.3;-0.29;-11.27;-8.85;9.98;8.56
1958:Q1;-13.64;-11.72;-12.68;-10.71;-1.97;2.94;0.48;;0.48;0.31;-6.53;-7.84;1.31;-1.96;0.19;-8.11;-6.15;-16.39;-5.81;8.28;-0.34
1958:Q2;1.87;0.03;0.95;-3.78;4.73;2.22;0.34;;0.34;0.31;2.64;1.75;0.89;1.16;0.19;3.58;2.42;5.6;0.87;-2.02;1.56
1958:Q3;10.21;10.25;10.23;2.99;7.24;1.89;0.2;;0.2;0.31;7.45;7.54;-0.09;0.93;0.18;8.21;7.28;9.12;7.18;-0.92;0.09
1958:Q4;10.83;10.76;10.8;6.13;4.66;2.04;0.06;;0.06;0.32;5.92;5;0.92;0.77;0.18;6.55;5.78;8.56;4.2;-2.01;1.58
1959:Q1;9.38;10.3;9.84;6.13;3.71;2.39;-0.09;;-0.09;0.32;4.98;9.03;-4.05;-4.37;0.19;1.44;5.81;15.83;7.42;-14.39;-1.61
1959:Q2;10.32;12.73;11.53;9.26;2.26;2.58;0.11;;0.11;0.33;4.37;4.3;0.07;-1.26;0.19;3.35;4.61;5.02;4.13;-1.67;0.48
1959:Q3;-0.76;-5.19;-2.97;-3.69;0.71;2.95;0.3;;0.3;0.33;-1.65;-5.27;3.61;0.99;0.2;-0.86;-1.85;-7.7;-4.67;6.84;2.82
1959:Q4;0.18;2.11;1.15;-0.31;1.46;2.86;0.49;;0.49;0.32;0.1;-3.51;3.61;1.18;0.19;1.06;-0.12;-9.08;-2.19;10.14;2.06
1960:Q1;9.83;9.75;9.79;-0.98;10.77;2.92;0.68;;0.68;0.32;9.07;2.84;6.23;0.9;0.19;9.79;8.9;16.12;-0.32;-6.33;9.21
1960:Q2;-4.58;-1.96;-3.27;3.87;-7.14;3.3;0.6;;0.6;0.31;-7.37;-6.73;-0.63;1.19;0.2;-6.41;-7.61;-16.36;-4.37;9.95;-3.24
1960:Q3;1.61;-0.73;0.44;-0.59;1.03;2.92;0.52;;0.52;0.31;-0.41;-2.58;2.16;1.7;0.19;0.96;-0.74;-3.83;-2.27;4.79;1.53
1960:Q4;-7.75;-4.06;-5.9;-4.49;-1.41;2.63;0.43;;0.43;0.31;-3.92;-7.1;3.18;2.51;0.19;-1.9;-4.4;-11.79;-5.99;9.89;1.59
1961:Q1;2.28;-0.09;1.1;-2.24;3.34;2.04;0.35;;0.35;0.31;1.76;2.34;-0.58;0.64;0.18;2.28;1.64;-3.63;3.67;5.91;-2.02
1961:Q2;8.09;7.97;8.03;-4.54;12.57;2.03;0.59;;0.59;0.31;10.1;7.65;2.45;-0.48;0.18;9.7;10.19;14.51;6.11;-4.8;4.08
1961:Q3;8.37;6.9;7.64;2.85;4.78;2.44;0.82;;0.82;0.32;4.35;1.83;2.52;-0.08;0.18;4.29;4.36;-2.24;2.75;6.53;1.62
1961:Q4;7.7;9.74;8.72;3.88;4.84;2.71;1.06;;1.06;0.32;4.49;7.79;-3.3;1.53;0.19;5.73;4.2;23.41;4.16;-17.68;0.04
1962:Q1;7.87;4.99;6.43;4.05;2.38;2.95;1.29;;1.29;0.32;1.85;-1.95;3.81;2.13;0.19;3.59;1.45;-2.6;-1.8;6.18;3.26
1962:Q2;3.43;4.46;3.95;2.16;1.79;3.23;0.96;;0.96;0.32;0.79;2.43;-1.64;0.81;0.19;1.44;0.64;4.1;2.03;-2.66;-1.4
1962:Q3;5.11;4.01;4.56;-2.06;6.62;3.25;0.64;;0.64;0.32;4.48;-0.37;4.85;-0.1;0.19;4.4;4.5;0.31;-0.53;4.08;5.02
1962:Q4;0.79;4.98;2.89;-2.73;5.62;3.33;0.32;;0.32;0.32;3.44;-1.2;4.64;1.68;0.19;4.79;3.11;-1.93;-1.02;6.72;4.13
1963:Q1;4.66;3.72;4.19;2.97;1.22;3.14;0;;0;0.33;1.16;1.79;-0.63;2.14;0.2;2.89;0.74;0.44;2.12;2.44;-1.37
1963:Q2;4.59;6.19;5.39;2.54;2.85;3.26;0.03;;0.03;0.33;2.6;2.31;0.29;-0.61;0.2;2.11;2.72;1.15;2.6;0.96;0.12
1963:Q3;9.83;5.62;7.73;-0.11;7.83;3.26;0.06;;0.06;0.33;6.69;1.04;5.65;-0.5;0.2;6.29;6.79;1.49;0.93;4.8;5.86
1963:Q4;2.62;3.65;3.14;2.15;0.99;3.43;0.08;;0.08;0.33;0.51;0.81;-0.3;1.28;0.2;1.54;0.26;3.2;0.22;-1.66;0.04
1964:Q1;9.69;7.46;8.57;5.66;2.91;3.49;0.11;;0.11;0.33;3.55;-2.08;5.63;0.52;0.2;3.96;3.45;-3.35;-1.76;7.32;5.2
1964:Q2;4.24;6.23;5.23;3.53;1.7;3.59;0.05;;0.05;0.33;1.65;4.59;-2.93;1.03;0.2;2.48;1.45;8.64;3.56;-6.17;-2.11
1964:Q3;6.91;6.16;6.53;2.2;4.33;3.67;-0.02;;-0.02;0.33;3.86;0.26;3.6;2.49;0.21;5.84;3.35;2.08;-0.21;3.76;3.55
1964:Q4;0.54;3.85;2.2;2.57;-0.37;3.87;-0.08;;-0.08;0.33;-0.75;0.12;-0.87;2.57;0.2;1.3;-1.27;-5.27;1.49;6.57;-2.77
1965:Q1;11.61;10.67;11.14;4.87;6.26;3.9;-0.15;;-0.15;0.34;6.69;7.22;-0.53;1.48;0.21;7.86;6.37;18.02;4.32;-10.17;2.06
1965:Q2;5.07;5.11;5.09;5.15;-0.06;4.86;-0.13;;-0.13;0.34;0.13;-1.09;1.21;2.99;0.21;2.48;-0.5;-4.61;-0.15;7.09;-0.36
1965:Q3;9.59;5.51;7.55;-0.61;8.16;4.79;-0.12;;-0.12;0.34;6.4;-1.93;8.33;2.09;0.21;8.04;5.95;-7.13;-0.53;15.17;6.48
1965:Q4;9.96;9.36;9.66;4.15;5.52;5.02;-0.1;;-0.1;0.34;5.29;2.68;2.61;4.58;0.21;8.89;4.3;6.42;1.66;2.46;2.65
1966:Q1;11;9.8;10.4;3.94;6.46;5.09;-0.08;;-0.08;0.34;6.12;2.86;3.26;2.94;0.22;8.42;5.48;3.42;2.71;5.01;2.77
1966:Q2;0.35;1.99;1.17;2.86;-1.69;5.74;0.03;;0.03;0.34;-2.68;-0.62;-2.06;2.66;0.22;-0.59;-3.25;-2.93;0.01;2.33;-3.26
1966:Q3;2.19;1.41;1.8;0.8;1;5.75;0.15;;0.15;0.33;-0.75;-1.7;0.94;2.3;0.22;1.05;-1.25;-4.15;-1.02;5.19;-0.23
1966:Q4;2.35;2.64;2.49;-0.82;3.32;5.92;0.26;;0.26;0.33;0.91;-2.82;3.74;1.54;0.22;2.12;0.58;-6.39;-1.84;8.51;2.41
1967:Q1;3.29;1.72;2.51;-0.23;2.74;6.01;0.38;;0.38;0.33;0.44;-7.36;7.79;1;0.21;1.23;0.23;-15.03;-5.32;16.26;5.55
1967:Q2;-0.58;1.94;0.68;-3.89;4.57;5.38;0.15;;0.15;0.33;1.44;-3.01;4.44;-0.06;0.22;1.39;1.45;-3.3;-2.93;4.69;4.38
1967:Q3;3.33;3.85;3.59;2.45;1.14;4.75;-0.07;;-0.07;0.33;0.44;2.08;-1.64;-0.01;0.21;0.43;0.44;7.71;0.56;-7.27;-0.12
1967:Q4;2.75;4.01;3.38;1.82;1.56;4.55;-0.3;;-0.3;0.33;0.87;-2.74;3.61;0.1;0.21;0.95;0.85;-8.6;-1.15;9.55;2
1968:Q1;8.94;6.15;7.54;0.37;7.18;4.51;-0.52;;-0.52;0.33;6.18;0.34;5.83;2.43;0.22;8.08;5.65;9.49;-2.21;-1.41;7.86
1968:Q2;7.15;6.4;6.77;3.08;3.69;4.69;-0.28;;-0.28;0.33;3.35;0.85;2.51;2.09;0.21;5;2.9;2.55;0.38;2.45;2.52
1968:Q3;2.89;5.8;4.35;2.26;2.09;4.85;-0.03;;-0.03;0.32;1.27;1.94;-0.67;-0.57;0.22;0.83;1.4;0.89;2.24;-0.06;-0.84
1968:Q4;1.57;3.03;2.3;2.35;-0.05;4.71;0.22;;0.22;0.32;-0.96;1.05;-2.01;1.97;0.22;0.58;-1.39;1.94;0.8;-1.36;-2.19
1969:Q1;6.95;3.95;5.45;5.66;-0.21;4.87;0.46;;0.46;0.32;-0.28;0.35;-0.63;2.35;0.22;1.55;-0.8;-5.15;1.92;6.7;-2.72
1969:Q2;0.45;2.03;1.24;0.9;0.34;5.24;0.52;;0.52;0.31;-1.38;1.65;-3.03;3.2;0.22;1.11;-2.08;-0.46;2.25;1.57;-4.33
1969:Q3;2.48;2.55;2.52;1.23;1.28;5.16;0.58;;0.58;0.31;-0.33;0.47;-0.81;1.74;0.22;1.03;-0.71;0.93;0.35;0.09;-1.06
1969:Q4;-3.08;-1.67;-2.37;-1.85;-0.52;5.44;0.64;;0.64;0.3;-3.18;-2.39;-0.79;1.84;0.22;-1.75;-3.58;-5.13;-1.62;3.38;-1.96
1970:Q1;-0.3;-3.01;-1.65;-2.08;0.43;5.04;0.71;;0.71;0.3;-2.18;-6.68;4.5;1.38;0.22;-1.1;-2.48;-12.06;-5.19;10.96;2.71
1970:Q2;0.67;0.01;0.34;-3.89;4.23;4.92;0.36;;0.36;0.29;1.39;-5.75;7.14;3.38;0.22;4.04;0.66;-5.2;-5.91;9.23;6.56
1970:Q3;4.32;3.88;4.1;-2.59;6.69;4.88;0.02;;0.02;0.29;4.48;-1.06;5.54;-0.93;0.22;3.75;4.68;1.34;-1.72;2.41;6.4
1970:Q4;-6.39;-5.76;-6.07;-3.81;-2.26;4.63;-0.32;;-0.32;0.3;-4.54;-4.06;-0.48;-0.84;0.21;-5.21;-4.36;-8.59;-2.88;3.38;-1.48
1971:Q1;13.36;9.61;11.49;1.9;9.58;3.84;-0.66;;-0.66;0.3;9.46;4.46;5;-0.84;0.21;8.8;9.64;13.1;2.14;-4.3;7.5
1971:Q2;2.52;3.14;2.83;2.34;0.49;4.04;-0.41;;-0.41;0.31;0.25;0.09;0.16;2.73;0.21;2.39;-0.34;-3.99;1.21;6.39;-1.55
1971:Q3;3.76;3.91;3.84;-1.04;4.87;4.07;-0.16;;-0.16;0.31;3.41;-5.31;8.72;4.54;0.21;6.97;2.43;-11.3;-3.67;18.27;6.11
1971:Q4;0.71;6.08;3.4;4.04;-0.64;3.64;0.09;;0.09;0.31;-0.59;5.17;-5.75;4.06;0.22;2.58;-1.48;16.05;2.09;-13.47;-3.57
1972:Q1;9.5;7.48;8.49;4.96;3.53;3.38;0.35;;0.35;0.31;3.78;2.24;1.54;2.32;0.22;5.58;3.27;7.37;0.78;-1.79;2.48
1972:Q2;11.44;6.38;8.91;2.04;6.87;4.09;0.11;;0.11;0.31;6.16;3.36;2.8;-0.43;0.22;5.82;6.26;9.92;1.52;-4.1;4.73
1972:Q3;4.23;7.79;6.01;3.08;2.93;4.55;-0.12;;-0.12;0.31;2.56;0.13;2.44;2;0.22;4.12;2.12;1.39;-0.23;2.74;2.35
1972:Q4;7.93;12.56;10.24;3.63;6.61;4.91;-0.36;;-0.36;0.31;6.46;2.9;3.57;5.68;0.23;10.86;5.18;6.9;1.72;3.96;3.45
1973:Q1;12.72;9.18;10.95;5.3;5.65;5.38;-0.59;;-0.59;0.31;6.03;1.75;4.29;3.45;0.23;8.69;5.24;2.86;1.41;5.84;3.83
1973:Q2;5.28;2.53;3.9;4.27;-0.37;5.6;-0.17;;-0.17;0.31;-0.66;1.7;-2.36;3.86;0.23;2.32;-1.54;-0.3;2.29;2.63;-3.83
1973:Q3;-3.29;1.1;-1.09;2.29;-3.38;5.8;0.25;;0.25;0.31;-4.63;-0.64;-3.98;6.66;0.23;0.52;-6.15;-4.12;0.38;4.63;-6.53
1973:Q4;3.98;4.5;4.24;2.36;1.88;5.43;0.67;;0.67;0.3;0.49;-0.63;1.11;6.43;0.22;5.49;-0.93;-3.35;0.14;8.84;-1.08
1974:Q1;-5.77;-5.41;-5.59;-0.02;-5.57;5.41;1.08;;1.08;0.3;-7.95;-4.79;-3.16;5.32;0.22;-3.8;-9.12;-9.59;-3.44;5.79;-5.68
1974:Q2;0.57;-2.68;-1.05;-0.71;-0.34;4.97;0.79;;0.79;0.3;-2.57;-5.68;3.11;-0.66;0.22;-3.09;-2.43;-13.39;-3.51;10.3;1.08
1974:Q3;-5.56;-3.45;-4.5;-2.18;-2.33;4.72;0.49;;0.49;0.3;-4.72;1.76;-6.48;-1.85;0.23;-6.15;-4.3;8.04;-0.06;-14.19;-4.24
1974:Q4;-2.79;-7.02;-4.9;-5.93;1.03;4.56;0.19;;0.19;0.3;-2.28;-7.87;5.59;-2.81;0.21;-4.49;-1.68;-8.97;-7.58;4.48;5.9
1975:Q1;-7.4;-7.05;-7.23;-12.74;5.52;4.08;-0.1;;-0.1;0.31;0.35;-9.43;9.78;-1.96;0.21;-1.19;0.77;-17.3;-7.28;16.11;8.05
1975:Q2;3.17;3.79;3.48;-3.25;6.73;3.02;-0.17;;-0.17;0.32;4.85;0.65;4.21;-5;0.21;0.93;5.93;2.38;0.17;-1.46;5.76
1975:Q3;8.41;10.03;9.22;4.05;5.17;2.48;-0.23;;-0.23;0.32;5.83;7.46;-1.62;2.59;0.22;7.87;5.27;12.11;6.17;-4.24;-0.9
1975:Q4;6.74;5.04;5.89;5.69;0.2;2.54;-0.29;;-0.29;0.32;1.42;5.78;-4.36;0.32;0.22;1.67;1.35;9.17;4.83;-7.5;-3.49
1976:Q1;11.45;10.58;11.01;5.73;5.28;2.64;-0.36;;-0.36;0.32;6.52;6.1;0.42;-1.91;0.22;5.04;6.94;11.41;4.6;-6.38;2.34
1976:Q2;3.53;2.97;3.25;0.96;2.29;2.98;-0.26;;-0.26;0.32;1.82;-1.5;3.31;-0.73;0.22;1.25;1.98;-3.95;-0.8;5.2;2.78
1976:Q3;2.4;3.54;2.97;1.86;1.11;3.26;-0.17;;-0.17;0.32;0.77;1.1;-0.33;0.33;0.22;1.02;0.7;2.31;0.75;-1.28;-0.05
1976:Q4;3.39;1.26;2.32;0.9;1.42;3.37;-0.08;;-0.08;0.32;0.67;-3.28;3.95;0.28;0.23;0.89;0.61;-5.57;-2.61;6.46;3.22
1977:Q1;6.38;6.04;6.21;3.96;2.25;3.32;0.02;;0.02;0.33;2.44;-0.23;2.68;1.38;0.23;3.5;2.12;3.08;-1.24;0.42;3.36
1977:Q2;9.5;11.57;10.54;8.8;1.74;3.52;0;;0;0.33;3.47;6.08;-2.62;3.11;0.23;5.85;2.75;13.3;3.92;-7.44;-1.17
1977:Q3;8.38;8.55;8.46;3.16;5.3;3.7;-0.02;;-0.02;0.33;5.14;-1.96;7.1;0.11;0.23;5.23;5.11;-3.07;-1.62;8.3;6.74
1977:Q4;-0.39;2.54;1.07;4.07;-3;3.88;-0.04;;-0.04;0.33;-2.91;2.16;-5.07;-0.18;0.24;-3.05;-2.87;2.68;1.99;-5.73;-4.86
1978:Q1;0.47;1.94;1.21;2.04;-0.83;3.87;-0.06;;-0.06;0.33;-1.39;-5.05;3.66;1.92;0.23;0.08;-1.84;-11.96;-2.92;12.04;1.09
1978:Q2;18.99;14.75;16.87;11.18;5.69;4.01;0.01;;0.01;0.33;8.03;8.21;-0.18;3.55;0.24;10.73;7.18;13.07;6.69;-2.35;0.49
1978:Q3;4.38;3;3.69;3.29;0.4;4.75;0.08;;0.08;0.32;-0.12;-0.33;0.21;1.64;0.24;1.13;-0.51;-1.08;-0.1;2.21;-0.41
1978:Q4;5.87;3.95;4.91;4.32;0.59;5.03;0.15;;0.15;0.32;0.26;1.04;-0.77;2.8;0.24;2.41;-0.4;2.69;0.53;-0.28;-0.92
1979:Q1;0.5;3.61;2.06;2.81;-0.75;5.39;0.21;;0.21;0.32;-1.72;-0.63;-1.09;0.57;0.24;-1.29;-1.86;-0.87;-0.56;-0.42;-1.3
1979:Q2;0.48;-2.62;-1.07;0.87;-1.94;5.52;0.22;1.12;1.12;0.31;-4.17;-9.27;5.1;4.08;0.23;-1.04;-5.12;-25.24;-4.43;24.2;-0.69
1979:Q3;3.53;0.38;1.95;3.58;-1.63;5.39;0.22;-0.9;-0.9;0.31;-1.57;3.88;-5.45;2.58;0.23;0.4;-2.18;7.14;2.88;-6.74;-5.06
1979:Q4;0.58;1.28;0.93;1.47;-0.54;5.45;0.22;-0.23;-0.23;0.31;-1.6;-0.93;-0.67;-0.03;0.23;-1.63;-1.6;-3;-0.32;1.37;-1.28
1980:Q1;0.71;-1.36;-0.32;-1.88;1.56;5.32;0.22;0.04;0.04;0.3;-0.66;-8.99;8.33;-2.13;0.23;-2.3;-0.17;-7.36;-9.47;5.06;9.31
1980:Q2;-11.4;-9.16;-10.28;-7.06;-3.22;5.14;0.31;1.02;1.02;0.3;-7.63;-5.09;-2.54;-0.83;0.22;-8.28;-7.45;-18.22;-1.43;9.93;-6.02
1980:Q3;-0.99;3.49;1.25;-1.49;2.74;4.35;0.39;0.93;0.93;0.3;0.32;2.31;-2;1.4;0.22;1.41;0;6.3;1.17;-4.89;-1.16
1980:Q4;9.41;11.76;10.58;5.44;5.14;4.06;0.48;0.55;0.55;0.31;5.19;9.06;-3.87;4.68;0.22;8.83;4.15;21.21;5.6;-12.38;-1.45
1981:Q1;9.73;3.46;6.59;2.26;4.33;4.1;0.56;-0.12;-0.12;0.32;3.84;-0.91;4.75;5.13;0.22;7.84;2.71;-5.7;0.44;13.54;2.27
1981:Q2;-4.1;-0.08;-2.09;-0.47;-1.62;4.62;0.55;0.09;0.09;0.32;-3.31;0.73;-4.04;-0.6;0.22;-3.78;-3.17;3.78;-0.12;-7.56;-3.05
1981:Q3;5.54;6.74;6.14;0.06;6.08;4.48;0.53;0.22;0.22;0.32;4.51;-4.05;8.56;2.67;0.22;6.58;3.92;-4.83;-3.83;11.42;7.75
1981:Q4;-6.4;-6.12;-6.26;-1.54;-4.72;4.86;0.51;0.86;0.86;0.32;-7.36;-5.55;-1.81;0.76;0.22;-6.76;-7.52;-8.83;-4.64;2.07;-2.89
1982:Q1;-8.6;-4.61;-6.6;-6.87;0.26;4.97;0.5;1.85;1.85;0.32;-4.78;-6.79;2.01;2.02;0.22;-3.21;-5.23;-15.41;-4.33;12.2;-0.9
1982:Q2;1.81;1.33;1.57;1.29;0.29;4.31;0.5;1.03;1.03;0.32;-1.38;1.56;-2.94;1.32;0.22;-0.34;-1.66;8.34;-0.31;-8.68;-1.35
1982:Q3;-2.54;-2.58;-2.56;-2.58;0.02;3.47;0.5;1.07;1.07;0.32;-2.64;0.04;-2.67;3.87;0.22;0.4;-3.47;-2.98;0.87;3.38;-4.34
1982:Q4;-0.33;-2.83;-1.58;-3.77;2.19;2.8;0.51;-0.04;-0.04;0.32;0.11;-0.66;0.77;2.39;0.22;1.98;-0.41;-0.66;-0.65;2.64;0.24
1983:Q1;5.9;4.66;5.28;2.21;3.08;1.87;0.51;1.46;1.46;0.32;2.2;3.72;-1.52;1.86;0.21;3.66;1.8;11.18;1.68;-7.52;0.12
1983:Q2;11.07;8.05;9.56;4.21;5.35;2.3;0.45;0.36;0.36;0.33;5.73;7.07;-1.33;2.37;0.22;7.58;5.21;12.4;5.56;-4.82;-0.35
1983:Q3;9.71;6.58;8.15;8.05;0.1;3.15;0.39;0.27;0.27;0.33;1.53;6.26;-4.73;4.07;0.22;4.69;0.62;12.49;4.47;-7.81;-3.85
1983:Q4;9.99;11.27;10.63;6.41;4.22;4.1;0.32;0.29;0.29;0.33;4.8;4.22;0.57;1.34;0.23;5.83;4.49;7.2;3.33;-1.37;1.16
1984:Q1;9.85;13.78;11.81;7.68;4.13;5.24;0.26;-0.59;-0.59;0.33;5.34;2.06;3.28;3.62;0.23;8.13;4.51;3.13;1.74;4.99;2.77
1984:Q2;8.53;8.06;8.3;4.99;3.3;5.31;0.25;-0.43;-0.43;0.34;3.48;0.02;3.46;1.83;0.23;4.88;3.06;-2.93;0.91;7.81;2.15
1984:Q3;3.94;4.39;4.17;1.83;2.34;5.26;0.23;1.15;1.15;0.34;0.42;-1.21;1.63;2.99;0.23;2.71;-0.27;-4;-0.37;6.71;0.09
1984:Q4;3.12;4.53;3.83;2.25;1.57;5.14;0.22;1.35;1.35;0.34;-0.3;-1.86;1.56;2.39;0.24;1.53;-0.86;-1.68;-1.92;3.21;1.06
1985:Q1;4.71;4.13;4.42;3;1.42;4.74;0.2;-1.59;-1.59;0.34;1.89;-2.76;4.65;4.05;0.23;4.99;0.94;-6.72;-1.54;11.7;2.48
1985:Q2;3.85;2.98;3.41;2.22;1.19;4.41;0.25;2.33;2.33;0.33;-1.09;0.42;-1.51;1.25;0.24;-0.14;-1.39;1.89;-0.04;-2.03;-1.35
1985:Q3;6.93;5.31;6.12;0.57;5.55;4.5;0.29;0.18;0.18;0.33;4.13;1.2;2.93;2.29;0.24;5.88;3.58;2.1;0.92;3.78;2.66
1985:Q4;2.91;1.97;2.44;1.63;0.81;4.16;0.33;0.18;0.18;0.33;-0.13;1.25;-1.38;0.23;0.23;0.05;-0.19;3.68;0.5;-3.63;-0.69
1986:Q1;3.91;4.19;4.05;0.11;3.94;4.47;0.38;-0.18;-0.18;0.32;2.66;-1.1;3.76;1.29;0.23;3.65;2.37;-2.76;-0.59;6.41;2.96
1986:Q2;1.56;0.65;1.1;-1.07;2.17;4.18;0.36;0.5;0.5;0.32;0.17;-3.23;3.4;-2.32;0.24;-1.6;0.72;-7.12;-2.02;5.51;2.74
1986:Q3;4.23;2.52;3.37;2.14;1.23;3.71;0.34;0.27;0.27;0.31;0.56;0.17;0.38;-2.53;0.25;-1.35;1.18;2.05;-0.44;-3.4;1.62
1986:Q4;1.95;3.24;2.6;2.92;-0.32;3.09;0.32;1;1;0.31;-1.06;-0.08;-0.98;-0.33;0.25;-1.31;-0.98;-0.71;0.13;-0.6;-1.11
1987:Q1;3.11;4.61;3.86;4.78;-0.92;2.89;0.3;1.12;1.12;0.31;-1.09;3.25;-4.34;-0.13;0.23;-1.19;-1.06;6.19;2.36;-7.38;-3.42
1987:Q2;4.8;7.46;6.13;2.48;3.65;3.16;0.36;-1.58;-1.58;0.32;4.51;0.2;4.32;1.36;0.24;5.55;4.19;-2.87;1.15;8.43;3.04
1987:Q3;3;6.02;4.51;2.5;2.01;3.62;0.43;0.49;0.49;0.32;1.32;-0.01;1.32;2.5;0.24;3.21;0.71;-1.5;0.47;4.71;0.24
1987:Q4;7.58;5.64;6.61;4.06;2.55;4.12;0.49;1.17;1.17;0.32;1.73;1.13;0.61;-1.45;0.23;0.63;2.07;3.59;0.38;-2.97;1.69
1988:Q1;1.49;4.98;3.24;0.29;2.95;4.49;0.55;0.06;0.06;0.32;1.57;-4.16;5.74;3.09;0.24;3.92;0.83;-3.6;-4.34;7.52;5.17
1988:Q2;6.02;5.17;5.59;5.39;0.2;4.15;0.5;0.7;0.7;0.32;0.12;-1.02;1.14;2.1;0.24;1.72;-0.38;1.65;-1.86;0.06;1.47
1988:Q3;2.05;3.7;2.87;0.76;2.12;4.19;0.46;-0.13;-0.13;0.32;1.11;-0.47;1.58;4.33;0.24;4.43;0.1;-1.34;-0.2;5.76;0.3
1988:Q4;5.49;5.65;5.57;4.67;0.9;4.06;0.41;0.59;0.59;0.32;0.69;0.66;0.03;0.06;0.24;0.74;0.68;2.76;0.01;-2.02;0.67
1989:Q1;4.62;2.52;3.57;3.82;-0.26;4.03;0.37;0.85;0.85;0.32;-0.9;0.43;-1.33;2.39;0.23;0.93;-1.46;3.08;-0.38;-2.15;-1.08
1989:Q2;2.98;-1.89;0.55;1.02;-0.47;3.89;0.46;2.46;2.46;0.32;-3.07;-1.04;-2.02;4.92;0.23;0.7;-4.22;-7.94;1.08;8.64;-5.3
1989:Q3;2.98;1.27;2.13;1.42;0.71;3.74;0.55;-0.04;-0.04;0.32;0;-2.2;2.2;1.32;0.24;1;-0.31;-7.16;-0.65;8.17;0.34
1989:Q4;0.22;-0.24;-0.01;-0.1;0.09;3.54;0.65;0.29;0.29;0.31;-1.25;-0.35;-0.9;0.91;0.23;-0.56;-1.46;-0.82;-0.2;0.27;-1.26
1990:Q1;4.68;3.96;4.32;0.64;3.68;3.08;0.74;0.37;0.37;0.31;2.67;1.81;0.86;3.07;0.23;5.02;1.95;0.35;2.25;4.67;-0.3
1990:Q2;1.12;2.09;1.6;-2.05;3.65;3.29;0.71;0.29;0.29;0.31;1.8;1.22;0.59;3.88;0.23;4.8;0.92;3.82;0.45;0.98;0.47
1990:Q3;-0.46;-1.22;-0.84;-2.45;1.6;3.3;0.68;1.85;1.85;0.31;-1.44;-1.56;0.12;2.05;0.23;0.14;-1.91;-0.99;-1.73;1.13;-0.17
1990:Q4;-5.33;-2.99;-4.16;-1.07;-3.09;3.37;0.65;0.05;0.05;0.31;-4.5;-4.03;-0.47;1.52;0.22;-3.32;-4.84;-11.16;-1.97;7.84;-2.87
1991:Q1;-3.05;-1.69;-2.37;-3.96;1.59;3.41;0.62;1.98;1.98;0.31;-2.06;-3.65;1.59;-0.35;0.22;-2.33;-1.98;-9;-2.14;6.67;0.15
1991:Q2;3.95;1.37;2.66;-2.49;5.15;2.64;0.71;0.08;0.08;0.31;3.5;0.92;2.58;1.87;0.22;4.96;3.09;6.17;-0.56;-1.22;3.64
1991:Q3;2.41;1.21;1.81;-0.33;2.14;2.22;0.79;-0.06;-0.06;0.31;1.39;2.13;-0.74;2.54;0.22;3.37;0.84;9.88;-0.04;-6.51;0.88
1991:Q4;1.52;1.49;1.5;-0.88;2.38;1.97;0.88;2.01;2.01;0.31;0.11;0.85;-0.74;1.56;0.22;1.33;-0.23;-1.46;1.49;2.79;-1.71
1992:Q1;6.1;8.84;7.47;-2.59;10.07;1.87;0.96;-1.44;-1.44;0.31;9.7;-0.58;10.28;1.3;0.22;10.72;9.42;-2.15;-0.15;12.87;9.57
1992:Q2;5.02;3.7;4.36;2.08;2.28;1.92;0.88;0.53;0.53;0.3;1.95;3.33;-1.37;2.12;0.22;3.61;1.49;7.72;2.09;-4.12;-0.6
1992:Q3;4.33;0.78;2.56;0.52;2.04;2.61;0.79;1.09;1.09;0.3;0.64;0.07;0.57;2.19;0.22;2.35;0.16;-1.23;0.44;3.58;-0.28
1992:Q4;4.77;4.26;4.51;2.5;2.01;2.96;0.71;1.66;1.66;0.3;0.71;1.45;-0.74;3.74;0.22;3.62;-0.12;1.05;1.56;2.57;-1.68
1993:Q1;-0.27;-3.05;-1.66;2.95;-4.6;3.37;0.63;0.41;0.41;0.3;-5.02;2.17;-7.19;3.65;0.22;-2.18;-5.83;7.67;0.6;-9.85;-6.43
1993:Q2;2.48;5.79;4.14;4.18;-0.04;3.33;0.59;0.03;0.03;0.31;0.2;2.19;-1.99;2.25;0.23;1.94;-0.31;5.08;1.34;-3.15;-1.66
1993:Q3;1.92;0.45;1.19;2.37;-1.18;3.22;0.55;1.11;1.11;0.31;-2.21;1.56;-3.77;2.06;0.23;-0.62;-2.68;2.72;1.22;-3.34;-3.9
1993:Q4;6.82;9.91;8.37;3.73;4.63;3.03;0.51;0.2;0.2;0.31;4.72;1.02;3.7;0.64;0.23;5.21;4.57;5.7;-0.38;-0.49;4.96
1994:Q1;4.66;2.45;3.55;3.74;-0.19;3.13;0.48;3.04;3.04;0.32;-2.07;1.67;-3.74;0.88;0.23;-1.4;-2.27;3.04;1.25;-4.44;-3.52
1994:Q2;6.48;7.55;7.02;6.79;0.23;3.32;0.42;0.22;0.22;0.32;1.19;1.74;-0.56;0.31;0.23;1.42;1.12;3.74;1.15;-2.31;-0.03
1994:Q3;2.37;4.18;3.27;4.42;-1.14;3.46;0.37;1.31;1.31;0.32;-1.72;-1.06;-0.66;0.87;0.23;-1.05;-1.92;-1.78;-0.85;0.73;-1.08
1994:Q4;5.69;5.96;5.82;1.83;3.99;3.41;0.32;-1.35;-1.35;0.33;4.39;1.22;3.17;2.71;0.24;6.46;3.74;3.43;0.53;3.02;3.22
1995:Q1;1.23;1.56;1.39;2.01;-0.61;3.83;0.26;0.79;0.79;0.33;-1.74;-2.6;0.86;1.02;0.24;-0.96;-1.99;-3.65;-2.27;2.69;0.29
1995:Q2;1.1;2.59;1.84;-0.18;2.02;4.12;0.33;1.35;1.35;0.33;-0.3;-4.41;4.11;1.88;0.24;1.13;-0.75;-12.67;-1.81;13.8;1.06
1995:Q3;4.26;6.28;5.27;3.95;1.32;4.11;0.4;-0.19;-0.19;0.33;1.39;0.71;0.68;2.69;0.24;3.43;0.74;-0.06;0.95;3.5;-0.21
1995:Q4;3.5;3.35;3.43;0.79;2.64;3.95;0.47;1.66;1.66;0.33;0.48;-0.43;0.91;3.69;0.24;3.28;-0.41;-0.36;-0.45;3.64;0.04
1996:Q1;3.78;5.7;4.74;0.88;3.86;4.16;0.54;0.61;0.61;0.33;2.36;-4.26;6.62;2.98;0.24;4.62;1.64;-12.3;-1.69;16.92;3.33
1996:Q2;7.82;6.73;7.28;3.37;3.9;4.2;0.47;0.4;0.4;0.33;3.36;6.27;-2.91;5.86;0.24;7.8;1.94;16.39;3.04;-8.59;-1.1
1996:Q3;4.42;4.55;4.48;2.99;1.5;4.4;0.4;-0.6;-0.6;0.34;1.42;1.6;-0.18;3.65;0.24;4.18;0.53;2.99;1.15;1.19;-0.62
1996:Q4;4.95;5.98;5.47;4.36;1.1;4.72;0.33;-0.23;-0.23;0.34;1.13;-0.62;1.75;4.24;0.24;4.34;0.1;-3.18;0.2;7.52;-0.09
1997:Q1;2.77;5.16;3.96;3.56;0.41;4.67;0.26;1.48;1.48;0.34;-0.95;1.34;-2.28;4.24;0.25;2.25;-1.99;6.24;-0.26;-3.98;-1.73
1997:Q2;8.01;6.1;7.05;1.8;5.26;4.99;0.31;0.15;0.15;0.34;4.07;0.76;3.32;5.54;0.24;8.27;2.73;0.45;0.86;7.83;1.87
1997:Q3;5.79;7.6;6.69;2.11;4.59;5.52;0.37;-0.08;-0.08;0.34;3.49;-0.98;4.47;3.87;0.25;6.4;2.53;-4.68;0.23;11.09;2.29
1997:Q4;3.64;6.19;4.92;1.48;3.44;5.82;0.43;0.93;0.93;0.33;1.36;2.04;-0.68;5.22;0.25;5.3;0.08;5.28;0.99;0.02;-0.91
1998:Q1;5.74;5.97;5.86;2.27;3.59;5.68;0.48;-0.8;-0.8;0.33;3;-0.05;3.05;3.43;0.25;5.58;2.15;-4.72;1.49;10.31;0.66
1998:Q2;4.14;6.63;5.38;2.36;3.02;6.06;0.42;0.76;0.76;0.33;1.3;-3.44;4.74;4.9;0.25;4.96;0.07;-10.87;-0.93;15.83;0.99
1998:Q3;5.9;6.5;6.2;0.36;5.85;5.86;0.36;0.8;0.8;0.32;3.52;-0.62;4.14;5.11;0.25;7.35;2.23;-1.28;-0.4;8.62;2.63
1998:Q4;7.93;4.56;6.24;4.61;1.63;5.76;0.3;1.16;1.16;0.32;0.47;1.99;-1.51;3.31;0.26;2.93;-0.38;6.57;0.4;-3.64;-0.78
1999:Q1;4.81;7.13;5.97;-1.23;7.21;5.97;0.24;-0.83;-0.83;0.32;5.44;-1.2;6.64;3.15;0.26;7.78;4.64;-2.86;-0.62;10.64;5.26
1999:Q2;3.7;1.99;2.85;2.34;0.51;6.22;0.27;1.45;1.45;0.32;-1.72;-0.62;-1.11;3.86;0.26;1.12;-2.74;1.61;-1.41;-0.49;-1.33
1999:Q3;6.14;4.49;5.32;2.44;2.88;6.34;0.3;0.21;0.21;0.32;1.49;0.35;1.13;4.92;0.27;5.11;0.18;2.39;-0.38;2.72;0.56
1999:Q4;7.5;6.67;7.09;2.1;4.98;6.48;0.34;0.03;0.03;0.32;3.57;-1.62;5.19;3.62;0.26;6.25;2.63;-3.92;-0.81;10.16;3.44
2000:Q1;0.91;9.2;5.06;2.01;3.04;6.22;0.37;0.71;0.71;0.31;1.24;1.58;-0.34;4.1;0.27;4.24;0.13;4.95;0.33;-0.72;-0.2
2000:Q2;8.66;2.71;5.68;0.73;4.95;6.19;0.35;-0.65;-0.65;0.31;3.71;-0.48;4.18;3.28;0.26;6.12;2.84;-3.45;0.59;9.58;2.25
2000:Q3;-0.11;3.99;1.94;-0.24;2.18;6.6;0.33;1.69;1.69;0.31;-1.1;-2.2;1.1;4.14;0.26;1.95;-2.19;-5.28;-1.09;7.23;-1.11
2000:Q4;2.46;-0.69;0.88;-1.92;2.8;6.17;0.31;-1.78;-1.78;0.31;1.56;-3.37;4.93;3.84;0.26;4.39;0.56;-11.36;-0.52;15.75;1.07
2001:Q1;-2.39;5.19;1.4;-0.11;1.51;5.83;0.3;2.85;2.85;0.31;-2.28;-2.44;0.16;7.09;0.26;2.94;-4.14;-9.85;0.19;12.79;-4.33
2001:Q2;2.59;-1.61;0.49;-3.96;4.45;5.08;0.39;0;0;0.31;1.69;-2.04;3.73;6.1;0.25;6.24;0.14;-2.26;-1.97;8.5;2.11
2001:Q3;-2.74;-3.51;-3.13;-5.18;2.06;4.34;0.48;1.7;1.7;0.31;-2.05;-2.92;0.87;4.26;0.25;1.13;-3.13;-3.68;-2.66;4.81;-0.46
2001:Q4;1.11;-4.58;-1.73;-4.06;2.32;3.68;0.57;-0.18;-0.18;0.31;0.04;-3.5;3.53;2.48;0.26;1.87;-0.61;-5.81;-2.69;7.68;2.09
2002:Q1;3.74;5.83;4.79;-3.03;7.81;3.14;0.66;-0.27;-0.27;0.32;6.05;1.37;4.68;3.54;0.25;8.7;5.16;10.48;-1.68;-1.79;6.84
2002:Q2;2.62;4.3;3.46;0.76;2.7;3;0.62;1.3;1.3;0.32;1.1;1.44;-0.34;3.63;0.25;3.82;0.2;6.87;-0.36;-3.04;0.55
2002:Q3;1.72;1.07;1.39;-1.69;3.09;2.85;0.58;0.4;0.4;0.33;1.34;-1.06;2.4;4.6;0.25;4.8;0.19;-4.17;-0.03;8.97;0.22
2002:Q4;0.32;3.5;1.91;0.75;1.15;2.76;0.54;-0.19;-0.19;0.33;0.63;0.85;-0.23;4.59;0.24;4.09;-0.5;3.28;0.07;0.81;-0.56
2003:Q1;1.81;-1.21;0.3;-2.14;2.44;2.37;0.51;-0.37;-0.37;0.33;1.2;1.26;-0.06;8.03;0.24;7.3;-0.74;1.79;1.09;5.51;-1.83
2003:Q2;4.26;3.89;4.07;-2.08;6.15;2.35;0.45;1.01;1.01;0.33;4;-0.66;4.67;4.68;0.25;7.53;2.85;-2.14;-0.19;9.67;3.04
2003:Q3;8.61;5.52;7.07;1.25;5.81;2.34;0.39;0.64;0.64;0.34;5.02;0.38;4.64;6.63;0.25;10.02;3.39;1.14;0.14;8.88;3.26
2003:Q4;5.27;3.63;4.45;2.11;2.34;2.62;0.33;0.55;0.55;0.34;1.8;3.97;-2.17;4.95;0.24;5.55;0.6;12.77;1.14;-7.22;-0.54
2004:Q1;1.85;3.3;2.57;1.26;1.31;2.76;0.27;-0.58;-0.58;0.34;1.19;1.48;-0.29;5.35;0.24;5.25;-0.1;6.3;-0.05;-1.05;-0.05
2004:Q2;3.69;5.54;4.61;0.59;4.02;2.66;0.23;0.4;0.4;0.34;3.05;-0.76;3.8;3.47;0.24;5.68;2.21;-2.81;-0.1;8.49;2.31
2004:Q3;4.37;5.8;5.08;2.49;2.59;3.03;0.19;-1.22;-1.22;0.35;3.2;0.04;3.17;5.36;0.24;7.26;1.9;-2.81;0.95;10.08;0.95
2004:Q4;4.52;2.01;3.26;1.01;2.25;3.36;0.15;1.87;1.87;0.35;0.21;-2.07;2.28;3.72;0.24;3.03;-0.69;-4.4;-1.32;7.43;0.62
2005:Q1;5.14;3.89;4.51;1.19;3.32;3.67;0.11;1.16;1.16;0.35;1.7;0.52;1.18;3.39;0.24;4.27;0.88;0.36;0.57;3.9;0.31
2005:Q2;1.63;4.09;2.86;3.14;-0.28;3.73;0.15;-1;-1;0.36;0.15;-0.63;0.77;4.26;0.24;3.37;-0.9;-5.19;0.85;8.56;-1.74
2005:Q3;3.72;3.58;3.65;0.93;2.72;3.67;0.19;-0.55;-0.55;0.36;2.07;1.97;0.1;8.53;0.24;8.52;-0.01;5.75;0.76;2.78;-0.77
2005:Q4;2.81;7.76;5.28;1.86;3.43;3.78;0.23;1.18;1.18;0.37;1.98;3.43;-1.45;4.89;0.24;5.71;0.81;6.71;2.41;-1;-1.59
2006:Q1;6.67;7.7;7.19;3.57;3.61;3.89;0.27;0.43;0.43;0.37;3.22;0.66;2.56;3.97;0.24;6.23;2.27;0.15;0.82;6.08;1.45
2006:Q2;0.83;1.56;1.19;1.65;-0.45;3.9;0.32;0.23;0.23;0.37;-1.44;2.67;-4.1;5.74;0.24;2.93;-2.81;4.51;2.09;-1.57;-4.9
2006:Q3;0.37;1.6;0.98;1.7;-0.72;3.66;0.38;0.53;0.53;0.37;-1.78;1.02;-2.8;3.78;0.24;1.09;-2.69;-0.61;1.54;1.69;-4.23
2006:Q4;4.2;0.9;2.55;1.86;0.68;3.55;0.44;-0.61;-0.61;0.37;0.44;-0.47;0.91;1.77;0.24;1.79;0.02;-4.82;0.92;6.61;-0.9
2007:Q1;1.25;-0.34;0.46;0.54;-0.09;3.28;0.5;0.29;0.29;0.37;-1.27;-0.27;-1;5.25;0.24;2.72;-2.54;-0.61;-0.17;3.33;-2.37
2007:Q2;2.69;1.91;2.3;1.21;1.09;3.4;0.59;1.15;1.15;0.36;-0.43;1.6;-2.03;4.4;0.24;2.92;-1.48;6.98;-0.1;-4.07;-1.39
2007:Q3;2.31;-5.23;-1.46;-1.7;0.24;3.46;0.67;1.61;1.61;0.36;-2.63;-1.53;-1.1;4.39;0.24;0.72;-3.68;-1.17;-1.64;1.89;-2.04
2007:Q4;1.92;-1.12;0.4;-0.71;1.11;3.49;0.76;-0.98;-0.98;0.35;0.27;-2.25;2.52;4.45;0.24;3.67;-0.78;-4.67;-1.5;8.33;0.72
2008:Q1;-3.48;-1.57;-2.53;-1.29;-1.24;3.59;0.85;2.7;2.7;0.35;-4.7;0.17;-4.87;1.89;0.24;-3.25;-5.15;1.75;-0.31;-5;-4.83
2008:Q2;1.92;-2.18;-0.13;-2.23;2.1;3.42;0.79;0.1;0.1;0.35;0.08;-0.36;0.44;2.79;0.23;2.22;-0.57;-2.88;0.39;5.1;-0.96
2008:Q3;-3.58;-1.46;-2.52;-4.55;2.03;3.1;0.74;0.33;0.33;0.35;-0.83;-3.22;2.39;2.75;0.23;1.29;-1.46;-8.28;-1.75;9.57;0.29
2008:Q4;-11.89;-12.49;-12.19;-10.82;-1.37;2.64;0.69;0.97;0.97;0.35;-6.71;-6.68;-0.03;-3.28;0.22;-9.27;-5.99;-18.81;-3.32;9.54;-2.68
2009:Q1;-6.25;-9.13;-7.69;-10.28;2.59;1.55;0.64;1.85;1.85;0.36;-2.81;-7.17;4.37;2.96;0.21;-0.47;-3.43;-19.37;-3.93;18.9;0.5
2009:Q2;-0.82;1.97;0.57;-9.24;9.81;0.64;0.64;2.1;2.1;0.36;4.9;-5.54;10.44;-0.01;0.21;4.89;4.9;-3.04;-6.2;7.93;11.1
2009:Q3;1.72;1.97;1.84;-4.51;6.36;0.43;0.65;0.5;0.5;0.37;4.22;4.7;-0.47;3.41;0.21;6.91;3.5;15.63;1.74;-8.72;1.76
2009:Q4;5.11;7.49;6.3;-0.87;7.17;0.51;0.65;0.6;0.6;0.37;6.28;3.69;2.58;2.69;0.21;8.4;5.71;15.13;0.63;-6.73;5.08
2010:Q1;1.9;2.32;2.11;1.34;0.77;0.97;0.65;0.82;0.82;0.38;0.4;4.18;-3.78;6.5;0.21;5.53;-0.98;8.1;3.12;-2.58;-4.1
2010:Q2;4.52;4.52;4.52;3.79;0.74;1.16;0.55;-1.51;-1.51;0.39;2.67;5;-2.33;4.47;0.21;6.18;1.71;11.87;3.12;-5.69;-1.41
2010:Q3;4.41;8.43;6.42;1.21;5.21;1.45;0.44;1.23;1.23;0.39;4.36;1.87;2.49;3.79;0.22;7.32;3.54;1;2.11;6.33;1.43
2010:Q4;2.85;1.38;2.12;1.9;0.21;1.86;0.34;1.08;1.08;0.39;-0.44;1.71;-2.15;3.56;0.22;2.34;-1.22;3.43;1.23;-1.09;-2.45
2011:Q1;-1.98;-0.14;-1.06;1.05;-2.1;2;0.23;-0.72;-0.72;0.38;-2.03;-0.03;-2;2.33;0.22;-0.22;-2.55;1.23;-0.39;-1.45;-2.16
2011:Q2;3.65;3.95;3.8;3.98;-0.18;1.8;0.28;0.47;0.47;0.38;0.37;2.09;-1.72;2.29;0.22;2.15;-0.14;-0.83;2.91;2.98;-3.05
2011:Q3;0.18;1.57;0.87;1.28;-0.41;1.92;0.33;2.39;2.39;0.38;-2.12;-1.19;-0.93;3.08;0.23;0.27;-2.82;-1.77;-1.02;2.04;-1.79
2011:Q4;5.92;4.91;5.42;3.44;1.98;2.02;0.38;-1.53;-1.53;0.39;3.46;1.21;2.25;2.12;0.23;5.1;2.98;2.83;0.74;2.27;2.24
2012:Q1;4.77;11.6;8.19;3.56;4.63;2.23;0.43;0.42;0.42;0.39;4.89;0.99;3.89;1.46;0.23;6.02;4.56;3.33;0.31;2.69;4.25
2012:Q2;2.5;2.08;2.29;0.73;1.56;2.41;0.38;2.89;2.89;0.39;-0.86;-0.97;0.12;3.79;0.23;2.07;-1.72;-0.78;-1.03;2.85;-0.69
2012:Q3;0.91;-4.03;-1.56;1.73;-3.28;2.64;0.33;-1.62;-1.62;0.39;-2.66;0.09;-2.75;3.72;0.23;0.21;-3.5;-3.18;1.05;3.39;-4.56
2012:Q4;0.59;7.21;3.9;1.92;1.98;2.59;0.28;1.06;1.06;0.39;1.07;1.34;-0.27;2.38;0.23;2.91;0.52;-2.12;2.37;5.03;-1.85
2013:Q1;4.5;-0.4;2.05;1.38;0.67;2.69;0.23;-0.05;-0.05;0.39;0.19;0.56;-0.37;3.14;0.23;2.61;-0.54;3.06;-0.19;-0.46;-0.35
2013:Q2;0.8;3.5;2.15;1.65;0.5;2.8;0.21;0.31;0.31;0.39;-0.14;0.3;-0.43;2.39;0.23;1.7;-0.69;-0.81;0.63;2.52;-1.31
2013:Q3;4.24;0.37;2.3;2.42;-0.11;2.51;0.2;-0.77;-0.77;0.39;0.32;-0.74;1.06;3.73;0.23;3.2;-0.53;0.29;-1.04;2.91;0.51
2013:Q4;3.86;3.44;3.65;1.08;2.57;2.63;0.19;0.46;0.46;0.39;1.69;-0.61;2.29;3.64;0.23;4.49;0.86;0.68;-0.99;3.81;1.85
2014:Q1;-2.22;2.34;0.06;1.63;-1.57;2.67;0.18;2.58;2.58;0.39;-3.55;-0.7;-2.85;3.66;0.23;-0.73;-4.39;-3.23;0.06;2.5;-4.45
2014:Q2;6.58;7.39;6.98;3.47;3.52;2.56;0.18;-2.41;-2.41;0.39;5.33;2.14;3.2;4.79;0.23;9.02;4.23;6.84;0.72;2.18;3.51
2014:Q3;6.09;6.05;6.07;3.5;2.57;2.81;0.18;1.38;1.38;0.39;2.01;0.1;1.91;3.26;0.23;4.51;1.25;0.2;0.07;4.31;1.19
2014:Q4;2.3;4.2;3.25;4.69;-1.44;2.94;0.19;-0.5;-0.5;0.39;-0.45;1.75;-2.2;0.95;0.23;0.28;-0.67;2.39;1.55;-2.11;-2.22
2015:Q1;4.1;3.06;3.58;1.3;2.28;2.84;0.19;-0.12;-0.12;0.39;1.75;-1.18;2.93;-0.57;0.23;1.31;1.88;-5.04;-0.02;6.36;1.9
2015:Q2;2.88;1.66;2.27;1.23;1.04;2.91;0.21;0.01;0.01;0.39;0.38;-1.84;2.22;3.17;0.23;2.82;-0.35;-1.89;-1.82;4.71;1.48
2015:Q3;1.34;0.28;0.81;0.17;0.63;2.8;0.24;1.54;1.54;0.39;-1.33;0.54;-1.87;3.04;0.23;1.01;-2.03;-1.71;1.22;2.73;-3.26
2015:Q4;0.42;0.3;0.36;2.68;-2.32;2.72;0.26;0.84;0.84;0.39;-2.85;0.02;-2.88;1.86;0.23;-1.43;-3.28;-0.37;0.14;-1.06;-3.42
2016:Q1;2.74;2.76;2.75;1.55;1.2;2.55;0.29;-2.2;-2.2;0.39;2.17;-0.5;2.67;1.81;0.23;3.56;1.75;2.56;-1.42;1;3.17
2016:Q2;1.3;-2.88;-0.79;1.55;-2.34;2.54;0.29;2.13;2.13;0.38;-4.03;-0.38;-3.65;4.86;0.23;-0.28;-5.15;1.35;-0.9;-1.63;-4.25
2016:Q3;2.83;2.87;2.85;0.98;1.87;2.46;0.29;-1.08;-1.08;0.38;1.97;-0.05;2.03;4.2;0.23;5.21;1.01;3.01;-0.97;2.2;1.97
2016:Q4;2.5;2.23;2.37;-0.66;3.02;2.45;0.3;0.22;0.22;0.38;1.7;0.52;1.18;3.76;0.23;4.6;0.85;-1.12;1.01;5.73;-0.16
2017:Q1;1.81;3.66;2.74;1.95;0.79;2.54;0.3;0.72;0.72;0.38;0.12;-1.44;1.55;2.33;0.23;1.91;-0.42;-2.42;-1.15;4.33;0.73
2017:Q2;2.32;3.6;2.96;2.97;-0.01;2.45;0.36;-0.26;-0.26;0.38;0.35;2.03;-1.68;1.97;0.23;1.87;-0.1;3.5;1.6;-1.63;-1.7
2017:Q3;4.14;2.44;3.29;-0.14;3.43;2.52;0.43;0.54;0.54;0.38;2.09;-1.01;3.1;4.58;0.23;5.62;1.05;-2.5;-0.57;8.12;1.62
2017:Q4;4.87;3.85;4.36;3.45;0.91;2.66;0.49;-0.3;-0.3;0.38;1.4;1.23;0.16;3.34;0.23;3.97;0.62;1.54;1.14;2.42;-0.52
2018:Q1;3.21;4.17;3.69;1.78;1.91;2.73;0.56;1.31;1.31;0.38;0.74;0.86;-0.12;2.63;0.23;2.76;0.13;4.44;-0.22;-1.68;0.35
2018:Q2;3.17;0.79;1.98;1.13;0.85;2.88;0.36;-0.56;-0.56;0.38;0.54;1.38;-0.84;3.7;0.23;3.38;-0.32;1.36;1.38;2.02;-1.7
2018:Q3;3.42;6.38;4.9;2.39;2.51;2.87;0.17;0.75;0.75;0.38;1.86;-1.9;3.76;2.39;0.23;3.7;1.31;-2.34;-1.77;6.04;3.08
2018:Q4;0.8;2.48;1.64;1.36;0.28;3.03;-0.02;1.41;1.41;0.38;-1.23;-0.94;-0.28;2.61;0.23;0.77;-1.83;-1.08;-0.9;1.85;-0.93
2019:Q1;2.69;2.41;2.55;-0.54;3.09;2.98;-0.22;-1.11;-1.11;0.38;2.47;-1.72;4.18;-0.22;0.23;2.3;2.52;-7.27;-0.05;9.56;2.56
2019:Q2;2.81;0.89;1.85;0.34;1.5;2.92;0.41;-0.18;-0.18;0.37;0.65;-1.93;2.58;3.19;0.23;3.1;-0.09;-2.81;-1.66;5.91;1.57
2019:Q3;4.14;1.54;2.84;2.28;0.56;2.87;1.03;0.08;0.08;0.37;0.29;-2.31;2.6;2.56;0.23;2.26;-0.3;-3.39;-1.99;5.65;1.69
2019:Q4;1.65;3.95;2.8;-0.56;3.36;2.8;1.65;1.19;1.19;0.38;1.36;-1.88;3.24;3.48;0.23;4.04;0.57;-2.86;-1.59;6.9;2.15
2020:Q1;-6.54;-0.77;-3.65;-6.44;2.78;2.63;2.26;1.8;1.8;0.38;-1.75;-2.62;0.87;0.5;0.23;-1.36;-1.87;-2.77;-2.58;1.41;0.71
2020:Q2;-43.16;-44.46;-43.81;-57.99;14.19;2.3;1.69;6.91;6.91;0.38;-12.94;-17.27;4.33;-6.5;0.25;-17.84;-11.34;-64.49;-1.92;46.65;-9.42
2020:Q3;38.6;26.67;32.64;31.4;1.24;1.09;1.12;-2.5;-2.5;0.38;14.35;19.45;-5.1;3.25;0.25;16.79;13.54;62.83;5.13;-46.04;8.41
2020:Q4;5.12;21.07;13.09;9.37;3.72;1.89;0.56;-3.46;-3.46;0.39;8.73;4.05;4.68;0.35;0.25;9;8.64;7.31;2.96;1.68;5.68
2021:Q1;7.81;2.25;5.03;4.54;0.49;2.21;0.54;0.04;0.04;0.39;1.37;3.57;-2.2;7.29;0.26;6.8;-0.5;4.09;3.39;2.71;-3.88
2021:Q2;8.34;3.42;5.88;5.85;0.03;2.31;0.52;0.37;0.37;0.39;1.19;1.26;-0.06;1.78;0.26;2.52;0.74;-2.17;2.44;4.68;-1.7
2021:Q3;2.57;4.97;3.77;5.26;-1.5;2.37;0.5;-1.65;-1.65;0.39;0.64;-0.44;1.08;0.26;0.25;0.84;0.58;-1.32;-0.15;2.16;0.73
2021:Q4;8.65;8.34;8.49;5.68;2.82;2.38;0.48;1.01;1.01;0.4;3.51;-1.85;5.36;1.53;0.25;4.67;3.14;-2.16;-1.74;6.83;4.88
2022:Q1;-2.47;0.67;-0.9;4.02;-4.92;2.61;0.47;-1.2;-1.2;0.4;-3.64;-0.01;-3.63;2.65;0.25;-1.65;-4.3;4.11;-1.39;-5.77;-2.91
2022:Q2;-1.42;-1.7;-1.56;2.16;-3.73;2.79;0.46;-0.66;-0.66;0.4;-3.58;0.23;-3.81;7.01;0.25;1.69;-5.32;-0.61;0.51;2.3;-5.84
2022:Q3;3.47;2.86;3.17;2.5;0.67;2.56;0.45;2.21;2.21;0.4;-0.69;-1.47;0.78;-0.46;0.25;-1.03;-0.57;-0.56;-1.77;-0.47;1.19
2022:Q4;2.98;;2.98;1;1.97;2.6;0.44;1.28;1.28;0.4;0.56;-2.88;3.45;3.26;0.25;3.02;-0.24;-6.32;-1.76;9.34;1.52
