,Durable Emp,Construction Emp,Nondurable goods Emp,Services Emp,Durable Hours,Construction Hours,Nondurable Hours,Services Hours,Durable TH,Construction TH,Nondurable TH,Services TH
1/1/1947,6961,1882,5484,,40.7,39.1,40.3,,283312.7,73586.2,221005.2,0
2/1/1947,7018,1934,5469,,40.5,38.9,40.2,,284229,75232.6,219853.8,0
3/1/1947,7038,1923,5480,,40.6,40,40,,285742.8,76920,219200,0
4/1/1947,7065,1926,5466,,40.8,38.7,40.2,,288252,74536.2,219733.2,0
5/1/1947,6991,1915,5458,,40.8,38.5,40,,285232.8,73727.5,218320,0
6/1/1947,6968,1932,5421,,40.8,38.2,39.9,,284294.4,73802.4,216297.9,0
7/1/1947,6800,1928,5465,,40.8,38.4,39.9,,277440,74035.2,218053.5,0
8/1/1947,6849,1940,5521,,40.1,38.3,39.8,,274644.9,74302,219735.8,0
9/1/1947,6874,1952,5556,,40.8,38.5,40.1,,280459.2,75152,222795.6,0
10/1/1947,6906,1960,5558,,40.7,38.4,40.3,,281074.2,75264,223987.4,0
11/1/1947,6926,1957,5568,,40.9,38.6,40.1,,283273.4,75540.2,223276.8,0
12/1/1947,6957,2001,5569,,41.2,38.8,40.3,,286628.4,77638.8,224430.7,0
1/1/1948,6951,2083,5569,,40.9,38.7,40,,284295.9,80612.1,222760,0
2/1/1948,6883,2034,5554,,40.6,38.3,39.7,,279449.8,77902.2,220493.8,0
3/1/1948,6923,2063,5566,,40.8,39,39.8,,282458.4,80457,221526.8,0
4/1/1948,6854,2090,5450,,40.3,38.5,39.8,,276216.2,80465,216910,0
5/1/1948,6840,2111,5504,,40.4,38.1,40,,276336,80429.1,220160,0
6/1/1948,6798,2126,5604,,40.7,38.7,39.8,,276678.6,82276.2,223039.2,0
7/1/1948,6853,2125,5564,,40.6,38.6,39.7,,278231.8,82025,220890.8,0
8/1/1948,6860,2115,5537,,40.7,38.4,39.5,,279202,81216,218711.5,0
9/1/1948,6864,2111,5586,,40.5,39.9,39.5,,277992,84228.9,220647,0
10/1/1948,6860,2113,5504,,40.5,38.1,39,,277830,80505.3,214656,0
11/1/1948,6835,2128,5467,,40.5,38.7,39,,276817.5,82353.6,213213,0
12/1/1948,6726,2163,5401,,40.3,39.1,38.8,,271057.8,84573.3,209558.8,0
1/1/1949,6572,2166,5333,,40.1,38.7,38.5,,263537.2,83824.2,205320.5,0
2/1/1949,6482,2159,5310,,40,38.7,38.7,,259280,83553.3,205497,0
3/1/1949,6358,2138,5296,,39.5,38.6,38.6,,251141,82526.8,204425.6,0
4/1/1949,6256,2113,5261,,39.3,38.3,38.3,,245860.8,80927.9,201496.3,0
5/1/1949,6106,2099,5246,,39.4,38.7,38.4,,240576.4,81231.3,201446.4,0
6/1/1949,6040,2059,5226,,39.4,38.2,38.5,,237976,78653.8,201201,0
7/1/1949,5994,2064,5174,,39.6,38.2,38.7,,237362.4,78844.8,200233.8,0
8/1/1949,6011,2068,5240,,39.4,38.1,38.9,,236833.4,78790.8,203836,0
9/1/1949,6036,2084,5248,,39.7,37.4,39.1,,239629.2,77941.6,205196.8,0
10/1/1949,5636,2079,5304,,39.7,37.8,39.4,,223749.2,78586.2,208977.6,0
11/1/1949,5710,2089,5254,,39.1,38.5,39.1,,223261,80426.5,205431.4,0
12/1/1949,5925,2073,5248,,39.8,37.1,39,,235815,76908.3,204672,0
1/1/1950,6004,2091,5254,,40,36.7,39.2,,240160,76739.7,205956.8,0
2/1/1950,5997,2105,5265,,40.2,35.9,39.2,,241079.4,75569.5,206388,0
3/1/1950,6065,2111,5297,,40.2,36.8,39.2,,243813,77684.8,207642.4,0
4/1/1950,6220,2154,5308,,41.1,37.8,39.3,,255642,81421.2,208604.4,0
5/1/1950,6515,2198,5340,,41.2,37.8,39.3,,268418,83084.4,209862,0
6/1/1950,6633,2250,5346,,41.5,38,39.5,,275269.5,85500,211167,0
7/1/1950,6736,2292,5371,,41.8,37.8,39.8,,281564.8,86637.6,213765.8,0
8/1/1950,6997,2325,5479,,42,38.2,40.4,,293874,88815,221351.6,0
9/1/1950,7026,2345,5493,,41.7,37.5,39.7,,292984.2,87937.5,218072.1,0
10/1/1950,7160,2373,5499,,41.9,38.2,40,,300004,90648.6,219960,0
11/1/1950,7192,2392,5490,,41.7,39.6,40.1,,299906.4,94723.2,220149,0
12/1/1950,7214,2368,5496,,41.7,38,39.9,,300823.8,89984,219290.4,0
1/1/1951,7280,2436,5536,,41.6,38.6,40.1,,302848,94029.6,221993.6,0
2/1/1951,7367,2449,5562,,41.6,37.3,39.9,,306467.2,91347.7,221923.8,0
3/1/1951,7405,2490,5531,,41.8,37.9,40,,309529,94371,221240,0
4/1/1951,7436,2514,5524,,41.9,38.4,39.9,,311568.4,96537.6,220407.6,0
5/1/1951,7435,2524,5506,,42,38.8,39.7,,312270,97931.2,218588.2,0
6/1/1951,7438,2506,5496,,41.9,38.2,39.5,,311652.2,95729.2,217092,0
7/1/1951,7395,2508,5453,,41.6,38.8,39.3,,307632,97310.4,214302.9,0
8/1/1951,7377,2504,5395,,41.4,38.7,39,,305407.8,96904.8,210405,0
9/1/1951,7318,2490,5341,,41.5,38.7,39,,303697,96363,208299,0
10/1/1951,7300,2511,5315,,41.4,39,38.7,,302220,97929,205690.5,0
11/1/1951,7319,2474,5309,,41.4,38.5,39,,303006.6,95249,207051,0
12/1/1951,7332,2504,5335,,41.7,38.8,39.3,,305744.4,97155.2,209665.5,0
1/1/1952,7341,2502,5334,,41.9,39.5,39.3,,307587.9,98829,209626.2,0
2/1/1952,7360,2559,5329,,41.8,39.8,39.4,,307648,101848.2,209962.6,0
3/1/1952,7363,2498,5332,,41.6,38.8,39.3,,306300.8,96922.4,209547.6,0
4/1/1952,7386,2489,5327,,41.1,39.3,39.2,,303564.6,97817.7,208818.4,0
5/1/1952,7367,2488,5309,,41.3,39,39.3,,304257.1,97032,208643.7,0
6/1/1952,7024,2520,5329,,41.4,39.4,39.6,,290793.6,99288,211028.4,0
7/1/1952,6875,2513,5358,,40.9,39.1,39.4,,281187.5,98258.3,211105.2,0
8/1/1952,7386,2518,5378,,41.4,39,39.8,,305780.4,98202,214044.4,0
9/1/1952,7598,2520,5409,,41.9,39.6,39.9,,318356.2,99792,215819.1,0
10/1/1952,7688,2490,5434,,42,39.4,40,,322896,98106,217360,0
11/1/1952,7796,2502,5466,,42,39.2,40,,327432,98078.4,218640,0
12/1/1952,7902,2510,5473,,42.1,39.6,40,,332674.2,99396,218920,0
1/1/1953,7971,2518,5476,,42,38.8,39.8,,334782,97698.4,217944.8,0
2/1/1953,8048,2542,5481,,41.9,39,39.8,,337211.2,99138,218143.8,0
3/1/1953,8132,2517,5488,,42,38.8,40,,341544,97659.6,219520,0
4/1/1953,8135,2497,5494,,41.7,38.4,39.8,,339229.5,95884.8,218661.2,0
5/1/1953,8134,2473,5511,,41.8,38.3,39.9,,340001.2,94715.9,219888.9,0
6/1/1953,8135,2458,5501,,41.7,38.5,39.7,,339229.5,94633,218389.7,0
7/1/1953,8157,2451,5496,,41.5,37.9,39.6,,338515.5,92892.9,217641.6,0
8/1/1953,8095,2450,5469,,41.5,38.3,39.4,,335942.5,93835,215478.6,0
9/1/1953,7989,2477,5430,,41,37.9,38.8,,327549,93878.3,210684,0
10/1/1953,7853,2499,5391,,40.9,38.4,39,,321187.7,95961.6,210249,0
11/1/1953,7644,2498,5346,,40.7,38.9,38.9,,311110.8,97172.2,207959.4,0
12/1/1953,7543,2501,5304,,40.4,37.9,38.8,,304737.2,94787.9,205795.2,0
1/1/1954,7443,2441,5263,,40.2,35.9,38.6,,299208.6,87631.9,203151.8,0
2/1/1954,7337,2492,5256,,40.3,38.2,38.8,,295681.1,95194.4,203932.8,0
3/1/1954,7241,2491,5252,,40.1,38.7,38.8,,290364.1,96401.7,203777.6,0
4/1/1954,7138,2487,5223,,40.2,38.3,38.9,,286947.6,95252.1,203174.7,0
5/1/1954,7075,2461,5207,,40.3,37.8,38.9,,285122.5,93025.8,202552.3,0
6/1/1954,7023,2452,5197,,40.3,37.9,38.9,,283026.9,92930.8,202163.3,0
7/1/1954,6940,2445,5181,,40.3,37.9,39,,279682,92665.5,202059,0
8/1/1954,6909,2443,5180,,40.4,37.5,39,,279123.6,91612.5,202020,0
9/1/1954,6912,2436,5192,,40.5,37.7,39.1,,279936,91837.2,203007.2,0
10/1/1954,6946,2449,5196,,40.2,37.1,39,,279229.2,90857.9,202644,0
11/1/1954,6996,2489,5210,,40.8,38.3,39.2,,285436.8,95328.7,204232,0
12/1/1954,7030,2497,5224,,40.7,37.6,39.3,,286121,93887.2,205303.2,0
1/1/1955,7072,2528,5237,,41.2,37.1,39.4,,291366.4,93788.8,206337.8,0
2/1/1955,7157,2525,5251,,41.3,36.8,39.6,,295584.1,92920,207939.6,0
3/1/1955,7247,2589,5277,,41.5,38.2,39.7,,300750.5,98899.8,209496.9,0
4/1/1955,7327,2622,5299,,41.6,37.1,39.8,,304803.2,97276.2,210900.2,0
5/1/1955,7420,2654,5311,,42,37.8,39.9,,311640,100321.2,211908.9,0
6/1/1955,7479,2660,5331,,41.5,37.4,39.9,,310378.5,99484,212706.9,0
7/1/1955,7502,2679,5316,,41.4,37.9,39.7,,310582.8,101534.1,211045.2,0
8/1/1955,7530,2671,5336,,41.4,37.2,39.7,,311742,99361.2,211839.2,0
9/1/1955,7520,2666,5310,,41.4,38,39.6,,311328,101308,210276,0
10/1/1955,7545,2646,5351,,41.6,37.1,40.1,,313872,98166.6,214575.1,0
11/1/1955,7587,2638,5380,,41.8,37.2,40,,317136.6,98133.6,215200,0
12/1/1955,7628,2632,5381,,41.6,38,40,,317324.8,100016,215240,0
1/1/1956,7630,2677,5381,,41.4,37.4,40,,315882,100119.8,215240,0
2/1/1956,7597,2712,5389,,41.3,37.7,39.8,,313756.1,102242.4,214482.2,0
3/1/1956,7532,2730,5373,,41.2,36.8,39.7,,310318.4,100464,213308.1,0
4/1/1956,7603,2762,5367,,41.2,37.6,39.5,,313243.6,103851.2,211996.5,0
5/1/1956,7560,2798,5365,,41.1,37.7,39.4,,310716,105484.6,211381,0
6/1/1956,7494,2916,5342,,41,38.2,39.2,,307254,111391.2,209406.4,0
7/1/1956,7137,2834,5298,,41.2,37.9,39.2,,294044.4,107408.6,207681.6,0
8/1/1956,7535,2882,5325,,41,37.8,39.2,,308935,108939.6,208740,0
9/1/1956,7513,2844,5309,,41.3,38.1,39.3,,310286.9,108356.4,208643.7,0
10/1/1956,7589,2832,5319,,41.3,38.2,39.5,,313425.7,108182.4,210100.5,0
11/1/1956,7578,2828,5286,,41.1,38.3,39.3,,311455.8,108312.4,207739.8,0
12/1/1956,7588,2812,5294,,41.5,38.1,39.3,,314902,107137.2,208054.2,0
1/1/1957,7592,2727,5289,,41.2,36.4,39.3,,312790.4,99262.8,207857.7,0
2/1/1957,7608,2784,5277,,41.3,38.6,39.4,,314210.4,107462.4,207913.8,0
3/1/1957,7575,2795,5280,,41.1,38.2,39.3,,311332.5,106769,207504,0
4/1/1957,7541,2775,5270,,40.6,37.7,39.2,,306164.6,104617.5,206584,0
5/1/1957,7508,2760,5254,,40.5,37.5,39.2,,304074,103500,205956.8,0
6/1/1957,7463,2762,5234,,40.6,37.6,39.2,,302997.8,103851.2,205172.8,0
7/1/1957,7439,2735,5230,,40.5,37.6,39.3,,301279.5,102836,205539,0
8/1/1957,7466,2710,5207,,40.6,37.8,39.2,,303119.6,102438,204114.4,0
9/1/1957,7328,2699,5200,,40.1,37.3,39.1,,293852.8,100672.7,203320,0
10/1/1957,7262,2686,5175,,39.8,37.2,38.8,,289027.6,99919.2,200790,0
11/1/1957,7140,2663,5161,,39.7,36.5,38.6,,283458,97199.5,199214.6,0
12/1/1957,7024,2640,5146,,39.4,36.9,38.6,,276745.6,97416,198635.6,0
1/1/1958,6839,2649,5130,,39.2,37.6,38.5,,268088.8,99602.4,197505,0
2/1/1958,6666,2499,5091,,39,35.2,38.4,,259974,87964.8,195494.4,0
3/1/1958,6513,2571,5019,,39.2,37.2,38.3,,255309.6,95641.2,192227.7,0
4/1/1958,6368,2548,5005,,39.3,37.3,38.5,,250262.4,95040.4,192692.5,0
5/1/1958,6287,2541,5007,,39.3,37.5,38.4,,247079.1,95287.5,192268.8,0
6/1/1958,6288,2518,5012,,39.5,37,38.5,,248376,93166,192962,0
7/1/1958,6336,2526,5013,,39.7,36.9,38.7,,251539.2,93209.4,194003.1,0
8/1/1958,6390,2548,5022,,39.9,37.3,38.9,,254961,95040.4,195355.8,0
9/1/1958,6530,2582,5026,,40,37.3,38.9,,261200,96308.6,195511.4,0
10/1/1958,6349,2620,5045,,40,37.7,39.1,,253960,98774,197259.5,0
11/1/1958,6631,2678,5071,,40.3,38,39.3,,267229.3,101764,199290.3,0
12/1/1958,6660,2580,5083,,40.4,36.7,39.2,,269064,94686,199253.6,0
1/1/1959,6734,2689,5115,,40.7,37.6,39.5,,274073.8,101106.4,202042.5,0
2/1/1959,6820,2649,5130,,40.7,36.5,39.7,,277574,96688.5,203661,0
3/1/1959,6932,2691,5146,,41,37.5,39.7,,284212,100912.5,204296.2,0
4/1/1959,7029,2771,5156,,41.1,38,39.8,,288891.9,105298,205208.8,0
5/1/1959,7108,2773,5169,,41.3,37.8,39.9,,293560.4,104819.4,206243.1,0
6/1/1959,7145,2783,5185,,41.2,38,39.7,,294374,105754,205844.5,0
7/1/1959,7176,2771,5190,,40.9,37.5,39.5,,293498.4,103912.5,205005,0
8/1/1959,6732,2769,5204,,41,37.8,39.6,,276012,104668.2,206078.4,0
9/1/1959,6778,2735,5206,,41,37.7,39.6,,277898,103109.5,206157.6,0
10/1/1959,6690,2691,5174,,40.8,36.8,39.3,,272952,99028.8,203338.2,0
11/1/1959,6796,2705,5195,,40.2,37.3,39.6,,273199.2,100896.5,205722,0
12/1/1959,7056,2715,5198,,40.8,38,39.6,,287884.8,103170,205840.8,0
1/1/1960,7152,2702,5210,,41.4,37,39.6,,296092.8,99974,206316,0
2/1/1960,7221,2718,5213,,40.9,36.8,39.4,,295338.9,100022.4,205392.2,0
3/1/1960,7152,2554,5210,,40.6,36.3,39.1,,290371.2,92710.2,203711,0
4/1/1960,7087,2684,5212,,40.5,38.1,39.3,,287023.5,102260.4,204831.6,0
5/1/1960,7012,2703,5206,,40.5,37,39.5,,283986,100011,205637,0
6/1/1960,6918,2679,5184,,40.4,37.3,39.3,,279487.2,99926.7,203731.2,0
7/1/1960,6876,2685,5171,,40.3,37.7,39.3,,277102.8,101224.5,203220.3,0
8/1/1960,6839,2659,5147,,40.2,37.2,39.1,,274927.8,98914.8,201247.7,0
9/1/1960,6821,2644,5135,,39.9,37.2,38.7,,272157.9,98356.8,198724.5,0
10/1/1960,6727,2638,5119,,40.3,37.5,38.9,,271098.1,98925,199129.1,0
11/1/1960,6627,2619,5099,,39.7,37.2,38.8,,263091.9,97426.8,197841.2,0
12/1/1960,6501,2522,5055,,38.8,35.5,37.8,,252238.8,89531,191079,0
1/1/1961,6410,2595,5063,,39.8,38.1,38.7,,255118,98869.5,195938.1,0
2/1/1961,6355,2562,5059,,39.8,38.1,38.8,,252929,97612.2,196289.2,0
3/1/1961,6349,2597,5061,,39.9,37.3,38.9,,253325.1,96868.1,196872.9,0
4/1/1961,6382,2565,5062,,40,36.6,38.9,,255280,93879,196911.8,0
5/1/1961,6482,2545,5062,,40.3,36.8,39,,261224.6,93656,197418,0
6/1/1961,6514,2585,5079,,40.5,37.4,39.3,,263817,96679,199604.7,0
7/1/1961,6560,2562,5079,,40.6,37.3,39.3,,266336,95562.6,199604.7,0
8/1/1961,6610,2576,5091,,40.7,37.6,39.3,,269027,96857.6,200076.3,0
9/1/1961,6593,2587,5086,,40,37,38.9,,263720,95719,197845.4,0
10/1/1961,6622,2602,5109,,41,37.6,39.5,,271502,97835.2,201805.5,0
11/1/1961,6712,2607,5130,,41.3,37.9,39.8,,277205.6,98805.3,204174,0
12/1/1961,6729,2596,5143,,41.1,36.1,39.5,,276561.9,93715.6,203148.5,0
1/1/1962,6718,2555,5147,,40.7,35.1,39.2,,273422.6,89680.5,201762.4,0
2/1/1962,6799,2637,5151,,41.1,37,39.5,,279438.9,97569,203464.5,0
3/1/1962,6818,2612,5152,,41.2,37.5,39.7,,280901.6,97950,204534.4,0
4/1/1962,6847,2680,5187,,41.2,37.5,39.8,,282096.4,100500,206442.6,0
5/1/1962,6845,2684,5166,,41.2,38.1,39.7,,282014,102260.4,205090.2,0
6/1/1962,6837,2620,5169,,41.1,37.2,39.7,,281000.7,97464,205209.3,0
7/1/1962,6840,2683,5164,,41.1,37.8,39.6,,281124,101417.4,204494.4,0
8/1/1962,6827,2684,5163,,41.2,37.8,39.5,,281272.4,101455.2,203938.5,0
9/1/1962,6862,2691,5171,,41.2,38,39.6,,282714.4,102258,204771.6,0
10/1/1962,6872,2687,5162,,41.1,37.6,39.3,,282439.2,101031.2,202866.6,0
11/1/1962,6832,2693,5145,,41.2,37.7,39.5,,281478.4,101526.1,203227.5,0
12/1/1962,6822,2647,5139,,40.9,36,39.4,,279019.8,95292,202476.6,0
1/1/1963,6837,2682,5137,,41.2,37.1,39.5,,281684.4,99502.2,202911.5,0
2/1/1963,6838,2650,5127,,41.2,36.5,39.5,,281725.6,96725,202516.5,0
3/1/1963,6852,2641,5138,,41.2,37.6,39.5,,282302.4,99301.6,202951,0
4/1/1963,6887,2703,5142,,41.2,38.3,39.5,,283744.4,103524.9,203109,0
5/1/1963,6921,2722,5145,,41.3,38,39.5,,285837.3,103436,203227.5,0
6/1/1963,6919,2721,5131,,41.5,38.1,39.6,,287138.5,103670.1,203187.6,0
7/1/1963,6937,2750,5143,,41.4,37.9,39.5,,287191.8,104225,203148.5,0
8/1/1963,6919,2759,5141,,41.3,37.9,39.6,,285754.7,104566.1,203583.6,0
9/1/1963,6950,2774,5138,,41.3,37.8,39.6,,287035,104857.2,203464.8,0
10/1/1963,6973,2767,5158,,41.4,38.3,39.7,,288682.2,105976.1,204772.6,0
11/1/1963,6950,2743,5122,,41.5,37.7,39.6,,288425,103411.1,202831.2,0
12/1/1963,6973,2724,5135,,41.4,36.4,39.6,,288682.2,99153.6,203346,0
1/1/1964,6977,2657,5155,24601,40.9,35.8,39.1,37.5,285359.3,95120.6,201560.5,922537.5
2/1/1964,6998,2783,5167,24651,41.5,37.8,39.6,37.5,290417,105197.4,204613.2,924412.5
3/1/1964,7030,2776,5160,24683,41.4,37.9,39.5,37.5,291042,105210.4,203820,925612.5
4/1/1964,7045,2766,5166,24708,41.5,37.8,39.5,37.6,292367.5,104554.8,204057,929020.8
5/1/1964,7053,2772,5178,24806,41.6,38,39.6,37.5,293404.8,105336,205048.8,930225
6/1/1964,7071,2793,5184,24872,41.7,37.9,39.6,37.5,294860.7,105854.7,205286.4,932700
7/1/1964,7119,2805,5190,24982,41.7,37.5,39.6,37.5,296862.3,105187.5,205524,936825
8/1/1964,7152,2811,5202,25080,41.8,37.8,39.7,37.3,298953.6,106255.8,206519.4,935484
9/1/1964,7258,2813,5221,25208,41.9,37.5,39.4,37.4,304110.2,105487.5,205707.4,942779.2
10/1/1964,6998,2842,5226,25233,41.3,38,39.8,37.4,289017.4,107996,207994.8,943714.2
11/1/1964,7240,2867,5237,25283,41.8,38.2,39.8,37.4,302632,109519.4,208432.6,945584.2
12/1/1964,7300,2860,5251,25367,42.1,38,39.9,37.4,307330,108680,209514.9,948725.8
1/1/1965,7333,2874,5270,25449,42.2,38.1,40,37.4,309452.6,109499.4,210800,951792.6
2/1/1965,7374,2855,5270,25555,42.2,37.7,40,37.4,311182.8,107633.5,210800,955757
3/1/1965,7413,2865,5288,25580,42.3,38.1,40,37.4,313569.9,109156.5,211520,956692
4/1/1965,7465,2829,5287,25778,42.2,37.6,39.9,37.5,315023,106370.4,210951.3,966675
5/1/1965,7496,2897,5296,25829,42.2,38.3,40,37.5,316331.2,110955.1,211840,968587.5
6/1/1965,7550,2901,5304,25907,42.1,37.7,39.9,37.3,317855,109367.7,211629.6,966331.1
7/1/1965,7631,2873,5331,26007,42,38,40,37.2,320502,109174,213240,967460.4
8/1/1965,7662,2921,5332,26100,41.9,38,39.9,37.2,321037.8,110998,212746.8,970920
9/1/1965,7701,2938,5345,26227,42,38,39.9,37.3,323442,111644,213265.5,978267.1
10/1/1965,7730,2953,5370,26297,42.1,37.9,40,37.2,325433,111918.7,214800,978248.4
11/1/1965,7785,2979,5390,26368,42.2,37.7,40,37.2,328527,112308.3,215600,980889.6
12/1/1965,7839,3010,5404,26496,42.2,38.2,40.1,37.2,330805.8,114982,216700.4,985651.2
1/1/1966,7890,3005,5411,26572,42.5,38.3,40.1,37.1,335325,115091.5,216981.1,985821.2
2/1/1966,7986,2942,5440,26663,42.6,38.3,40.3,37.2,340203.6,112678.6,219232,991863.6
3/1/1966,8049,3022,5459,26750,42.4,39,40.3,37.1,341277.6,117858,219997.7,992425
4/1/1966,8120,3008,5478,26868,42.8,37.9,40.3,37.1,347536,114003.2,220763.4,996802.8
5/1/1966,8177,2972,5501,26970,42.4,37.2,40.2,37,346704.8,110558.4,221140.2,997890
6/1/1966,8231,3028,5522,27088,42.3,38,40.1,37,348171.3,115064,221432.2,1002256
7/1/1966,8233,3029,5525,27178,42,38.4,40.1,36.9,345786,116313.6,221552.5,1002868.2
8/1/1966,8299,2997,5544,27235,42.3,37.8,40,36.9,351047.7,113286.6,221760,1004971.5
9/1/1966,8329,2968,5512,27330,42.1,37.8,39.9,36.8,350650.9,112190.4,219928.8,1005744
10/1/1966,8378,2941,5528,27423,42.1,38.1,40.1,36.8,352713.8,112052.1,221672.8,1009166.4
11/1/1966,8376,2914,5542,27486,42.1,37.7,39.9,36.8,352629.6,109857.8,221125.8,1011484.8
12/1/1966,8362,2911,5544,27582,41.7,38.3,39.8,36.7,348695.4,111491.3,220651.2,1012259.4
1/1/1967,8350,2947,5575,27660,41.9,38.9,39.9,36.7,349865,114638.3,222442.5,1015122
2/1/1967,8319,2909,5534,27690,41.1,37.7,39.3,36.6,341910.9,109669.3,217486.2,1013454
3/1/1967,8280,2884,5517,27797,41.2,38,39.5,36.5,341136,109592,217921.5,1014590.5
4/1/1967,8199,2877,5513,27773,41,37.6,39.4,36.4,336159,108175.2,217212.2,1010937.2
5/1/1967,8184,2864,5480,27927,41.1,37.3,39.4,36.5,336362.4,106827.2,215912,1019335.5
6/1/1967,8153,2856,5479,28006,41.1,38,39.4,36.5,335088.3,108528,215872.6,1022219
7/1/1967,8121,2902,5481,28094,41.2,38.1,39.5,36.3,334585.2,110566.2,216499.5,1019812.2
8/1/1967,8199,2908,5482,28186,41.4,37.9,39.5,36.3,339438.6,110213.2,216539,1023151.8
9/1/1967,8041,2911,5518,28278,41.3,38.2,39.7,36.4,332093.3,111200.2,219064.6,1029319.2
10/1/1967,8052,2912,5535,28293,41.3,37.8,39.7,36.3,332547.6,110073.6,219739.5,1027035.9
11/1/1967,8237,2937,5540,28501,41.2,39.5,39.8,36.3,339364.4,116011.5,220492,1034586.3
12/1/1967,8231,2932,5551,28599,41.4,37.5,39.6,36.2,340763.4,109950,219819.6,1035283.8
1/1/1968,8250,2817,5548,28555,41.2,36.8,39.2,36.2,339900,103665.6,217481.6,1033691
2/1/1968,8235,2970,5558,28731,41.5,38,39.8,36.2,341752.5,112860,221208.4,1040062.2
3/1/1968,8236,2968,5567,28784,41.5,37.3,39.7,36.1,341794,110706.4,221009.9,1039102.4
4/1/1968,8276,2985,5582,28898,41.1,38.2,39.2,36.1,340143.6,114027,218814.4,1043217.8
5/1/1968,8291,2972,5609,28899,41.7,37.8,39.8,36.1,345734.7,112341.6,223238.2,1043253.9
6/1/1968,8292,2938,5629,29047,41.6,38.1,39.8,36.2,344947.2,111937.8,224034.2,1051501.4
7/1/1968,8327,2963,5626,29148,41.6,37.6,39.7,36.2,346403.2,111408.8,223352.2,1055157.6
8/1/1968,8260,2993,5643,29275,41.3,38,39.7,36.1,341138,113734,224027.1,1056827.5
9/1/1968,8272,3028,5642,29350,41.6,38.1,39.9,36.1,344115.2,115366.8,225115.8,1059535
10/1/1968,8313,3058,5661,29501,41.7,38,39.9,36,346652.1,116204,225873.9,1062036
11/1/1968,8373,3050,5655,29670,41.7,36.4,39.6,35.9,349154.1,111020,223938,1065153
12/1/1968,8383,3081,5661,29764,41.3,38.1,39.7,35.9,346217.9,117386.1,224741.7,1068527.6
1/1/1969,8443,3104,5643,29842,41.6,38.3,39.6,36.1,351228.8,118883.2,223462.8,1077296.2
2/1/1969,8473,3114,5661,29951,41.3,38.3,39,35.9,349934.9,119266.2,220779,1075240.9
3/1/1969,8496,3125,5673,30062,41.5,38.2,39.7,36,352584,119375,225218.1,1082232
4/1/1969,8476,3134,5668,30187,41.8,38.4,39.8,35.9,354296.8,120345.6,225586.4,1083713.3
5/1/1969,8484,3176,5677,30289,41.4,38.3,39.6,36,351237.6,121640.8,224809.2,1090404
6/1/1969,8526,3206,5680,30419,41.4,38.1,39.6,35.9,352976.4,122148.6,224928,1092042.1
7/1/1969,8507,3205,5687,30528,41.3,38.1,39.5,35.9,351339.1,122110.5,224636.5,1095955.2
8/1/1969,8597,3189,5690,30630,41.4,38.4,39.5,35.9,355915.8,122457.6,224755,1099617
9/1/1969,8499,3216,5660,30641,41.4,38.6,39.4,35.9,351858.6,124137.6,223004,1100011.9
10/1/1969,8517,3209,5657,30781,41.3,37.9,39.4,35.8,351752.1,121621.1,222885.8,1101959.8
11/1/1969,8367,3217,5668,30835,41.2,38.3,39.5,35.9,344720.4,123211.1,223886,1106976.5
12/1/1969,8350,3218,5663,30905,41.3,38.5,39.5,35.8,344855,123893,223688.5,1106399
1/1/1970,8291,3148,5673,30951,41.1,37.3,39.4,35.7,340760.1,117420.4,223516.2,1104950.7
2/1/1970,8244,3196,5653,31007,40.8,38.6,39.3,35.7,336355.2,123365.6,222162.9,1106949.9
3/1/1970,8283,3209,5634,31063,40.7,38.2,39.2,35.6,337118.1,122583.8,220852.8,1105842.8
4/1/1970,8175,3179,5610,31019,40.4,38.5,39,35.5,330270,122391.5,218790,1101174.5
5/1/1970,8065,3141,5551,31036,40.3,38.2,39,35.5,325019.5,119986.2,216489,1101778
6/1/1970,7995,3139,5559,31036,40.5,38,38.9,35.4,323797.5,119282,216245.1,1098674.4
7/1/1970,7948,3151,5579,31063,40.7,37.9,39,35.5,323483.6,119422.9,217581,1102736.5
8/1/1970,7910,3152,5539,30992,40.5,37.7,38.9,35.6,320355,118830.4,215467.1,1103315.2
9/1/1970,7878,3122,5523,31084,40.3,36.9,38.7,35.5,317483.4,115201.8,213740.1,1103482
10/1/1970,7412,3132,5493,31093,40.1,37.3,38.8,35.5,297221.2,116823.6,213128.4,1103801.5
11/1/1970,7304,3145,5477,31052,40.1,37.4,38.8,35.4,292890.4,117623,212507.6,1099240.8
12/1/1970,7585,3161,5477,31069,40,38.3,38.8,35.3,303400,121066.3,212507.6,1096735.7
1/1/1971,7601,3143,5468,31159,40.5,37.7,39.1,35.3,307840.5,118491.1,213798.8,1099912.7
2/1/1971,7578,3092,5455,31169,40.3,37.2,38.9,35.3,305393.4,115022.4,212199.5,1100265.7
3/1/1971,7536,3162,5448,31188,40.4,38,39,35.2,304454.4,120156,212472,1097817.6
4/1/1971,7535,3221,5458,31262,40.4,37.7,39.3,35.3,304414,121431.7,214499.4,1103548.6
5/1/1971,7599,3231,5482,31348,40.5,37.3,39.2,35.2,307759.5,120516.3,214894.4,1103449.6
6/1/1971,7554,3231,5458,31374,40.5,37.6,39.1,35.3,305937,121485.6,213407.8,1107502.2
7/1/1971,7531,3257,5470,31427,40.5,37.5,39.2,35.1,305005.5,122137.5,214424,1103087.7
8/1/1971,7528,3257,5465,31428,40.3,37.6,39.1,35.3,303378.4,122463.2,213681.5,1109408.4
9/1/1971,7548,3286,5490,31550,40.2,37.6,39.1,35.2,303429.6,123553.6,214659,1110560
10/1/1971,7547,3328,5480,31547,40.5,37.8,39.1,35.3,305653.5,125798.4,214268,1113609.1
11/1/1971,7569,3356,5495,31612,40.5,38.8,39.2,35.3,306544.5,130212.8,215404,1115903.6
12/1/1971,7580,3286,5498,31769,40.8,37.2,39.3,35.4,309264,122239.2,216071.4,1124622.6
1/1/1972,7615,3414,5558,31931,40.8,37.2,39.3,35.3,310692,127000.8,218429.4,1127164.3
2/1/1972,7673,3350,5562,32049,41,37.2,39.5,35.3,314593,124620,219699,1131329.7
3/1/1972,7734,3406,5582,32213,41,37.3,39.5,35.3,317094,127043.8,220489,1137118.9
4/1/1972,7775,3411,5598,32287,41.2,36.8,39.6,35.3,320330,125524.8,221680.8,1139731.1
5/1/1972,7835,3436,5616,32370,41.2,36.7,39.5,35.2,322802,126101.2,221832,1139424
6/1/1972,7844,3444,5631,32586,41.3,36.9,39.6,35.2,323957.2,127083.6,222987.6,1147027.2
7/1/1972,7769,3413,5618,32560,41.2,37,39.5,35.2,320082.8,126281,221911,1146112
8/1/1972,7939,3444,5623,32663,41.3,37.1,39.5,35.1,327880.7,127772.4,222108.5,1146471.3
9/1/1972,7943,3458,5629,32709,41.4,37.1,39.5,35.2,328840.2,128291.8,222345.5,1151356.8
10/1/1972,8029,3496,5652,32888,41.5,37.3,39.5,35.3,333203.5,130400.8,223254,1160946.4
11/1/1972,8114,3454,5669,33064,41.6,36.5,39.5,35.2,337542.4,126071,223925.5,1163852.8
12/1/1972,8211,3365,5691,33305,41.4,35.7,39.4,35.2,339935.4,120130.5,224225.4,1172336
1/1/1973,8304,3447,5702,33407,41.5,36.3,38.9,35.2,344616,125126.1,221807.8,1175926.4
2/1/1973,8403,3482,5724,33582,41.8,36.3,39.5,35.2,351245.4,126396.6,226098,1182086.4
3/1/1973,8444,3517,5737,33712,41.7,37.1,39.6,35.2,352114.8,130480.7,227185.2,1186662.4
4/1/1973,8455,3525,5737,33773,41.6,37,39.5,35.1,351728,130425,226611.5,1185432.3
5/1/1973,8492,3555,5725,33819,41.6,37.4,39.4,35.1,353267.2,132957,225565,1187046.9
6/1/1973,8530,3608,5723,33875,41.5,37.4,39.4,35.2,353995,134939.2,225486.2,1192400
7/1/1973,8526,3651,5706,33855,41.6,37.4,39.4,35.2,354681.6,136547.4,224816.4,1191696
8/1/1973,8548,3633,5703,34005,41.4,37.3,39.3,35.1,353887.2,135510.9,224127.9,1193575.5
9/1/1973,8525,3631,5688,34060,41.5,36.9,39.4,35,353787.5,133983.9,224107.2,1192100
10/1/1973,8573,3623,5716,34232,41.4,37.1,39.4,35,354922.2,134413.3,225210.4,1198120
11/1/1973,8617,3618,5725,34367,41.4,38.2,39.5,35,356743.8,138207.6,226137.5,1202845
12/1/1973,8649,3613,5737,34431,41.4,37.1,39.5,34.9,358068.6,134042.3,226611.5,1201641.9
1/1/1974,8602,3576,5738,34451,41.2,36.2,39.4,34.9,354402.4,129451.2,226077.2,1202339.9
2/1/1974,8547,3621,5722,34548,41.1,37.6,39.4,34.9,351281.7,136149.6,225446.8,1205725.2
3/1/1974,8518,3619,5705,34578,41.1,37.1,39.3,34.9,350089.8,134264.9,224206.5,1206772.2
4/1/1974,8548,3593,5677,34646,40,36.4,38.8,34.9,341920,130785.2,220267.6,1209145.4
5/1/1974,8529,3564,5670,34787,41.1,36.9,39.2,34.8,350541.9,131511.6,222264,1210587.6
6/1/1974,8543,3509,5654,34852,40.9,37.2,39.1,34.9,349408.7,130534.8,221071.4,1216334.8
7/1/1974,8517,3416,5635,34924,40.8,37.2,39.1,34.8,347493.6,127075.2,220328.5,1215355.2
8/1/1974,8480,3439,5609,34939,40.9,36.9,39.1,34.8,346832,126899.1,219311.9,1215877.2
9/1/1974,8447,3393,5578,34936,40.8,37,38.8,34.8,344637.6,125541,216426.4,1215772.8
10/1/1974,8363,3356,5521,35027,40.8,37.3,38.7,34.6,341210.4,125178.8,213662.7,1211934.2
11/1/1974,8180,3293,5427,34937,40.3,37.4,38.3,34.6,329654,123158.2,207854.1,1208820.2
12/1/1974,7939,3239,5320,34813,40.1,37.5,38.1,34.6,318353.9,121462.5,202692,1204529.8
1/1/1975,7720,3239,5213,34691,40,37.1,37.9,34.7,308800,120166.9,197572.7,1203777.7
2/1/1975,7511,3110,5111,34628,39.7,36.7,37.7,34.6,298186.7,114137,192684.7,1198128.8
3/1/1975,7422,3023,5061,34586,39.5,35.5,37.7,34.5,293169,107316.5,190799.7,1193217
4/1/1975,7332,2956,5075,34512,39.7,36.7,37.9,34.5,291080.4,108485.2,192342.5,1190664
5/1/1975,7306,2941,5100,34632,39.6,37.1,38.2,34.5,289317.6,109111.1,194820,1194804
6/1/1975,7259,2921,5112,34670,39.7,36.2,38.5,34.5,288182.3,105740.2,196812,1196115
7/1/1975,7223,2897,5151,34878,39.9,36.8,38.7,34.5,288197.7,106609.6,199343.7,1203291
8/1/1975,7341,2928,5197,35023,40.2,37.2,39.1,34.6,295108.2,108921.6,203202.7,1211795.8
9/1/1975,7375,2944,5242,35038,40.3,37,39.2,34.5,297212.5,108928,205486.4,1208811
10/1/1975,7376,2952,5311,35150,40.4,36.8,39.3,34.5,297990.4,108633.6,208722.3,1212675
11/1/1975,7382,2962,5318,35201,40.3,37.1,39.3,34.6,297494.6,109890.2,208997.4,1217954.6
12/1/1975,7453,2998,5358,35354,40.7,37.2,39.5,34.5,303337.1,111525.6,211641,1219713
1/1/1976,7546,3051,5399,35588,40.8,37.6,39.7,34.6,307876.8,114717.6,214340.3,1231344.8
2/1/1976,7611,3034,5419,35771,40.9,37.8,39.6,34.6,311289.9,114685.2,214592.4,1237676.6
3/1/1976,7665,3034,5427,35890,40.8,36.4,39.4,34.4,312732,110437.6,213823.8,1234616
4/1/1976,7719,3025,5441,36029,40.1,37.4,39,34.5,309531.9,113135,212199,1243000.5
5/1/1976,7748,2989,5382,36084,41,37.2,39.3,34.4,317668,111190.8,211512.6,1241289.6
6/1/1976,7749,2966,5372,36141,41,37.3,39.1,34.3,317709,110631.8,210045.2,1239636.3
7/1/1976,7750,2964,5374,36274,41,37.1,39.2,34.3,317750,109964.4,210660.8,1244198.2
8/1/1976,7838,2963,5357,36327,41,37,39,34.2,321358,109631,208923,1242383.4
9/1/1976,7847,2965,5406,36433,40.9,37.6,39.1,34.3,320942.3,111484,211374.6,1249651.9
10/1/1976,7712,2973,5397,36467,40.7,37.6,39,34.2,313878.4,111784.8,210483,1247171.4
11/1/1976,7807,3004,5392,36533,40.8,37.5,39.1,34.1,318525.6,112650,210827.2,1245775.3
12/1/1976,7833,3006,5397,36684,40.5,37.2,39.1,34.2,317236.5,111823.2,211022.7,1254592.8
1/1/1977,7886,2966,5419,36856,40.1,35.6,38.5,34.1,316228.6,105589.6,208631.5,1256789.6
2/1/1977,7890,3070,5441,36985,40.9,38,39.3,34.2,322701,116660,213831.3,1264887
3/1/1977,7967,3150,5457,37175,41,37.2,39.3,34.1,326647,117180,214460.1,1267667.5
4/1/1977,8011,3193,5479,37341,41.1,37.4,39.4,34.1,329252.1,119418.2,215872.6,1273328.1
5/1/1977,8080,3213,5487,37510,41.3,37.3,39.3,34.1,333704,119844.9,215639.1,1279091
6/1/1977,8122,3233,5500,37678,41.3,36.9,39.4,34.1,335438.6,119297.7,216700,1284819.8
7/1/1977,8170,3244,5500,37841,41.2,36.9,39.1,34.1,336604,119703.6,215050,1290378.1
8/1/1977,8179,3251,5500,37988,41.2,36.7,39.3,34.1,336974.8,119311.7,216150,1295390.8
9/1/1977,8204,3269,5510,38222,41.3,36.4,39.1,34,338825.2,118991.6,215441,1299548
10/1/1977,8210,3277,5512,38353,41.4,36.9,39.3,34.1,339894,120921.3,216621.6,1307837.3
11/1/1977,8252,3301,5519,38549,41.3,37,39.3,34,340807.6,122137,216896.7,1310666
12/1/1977,8325,3323,5536,38743,41.2,36.7,39.2,34,342990,121954.1,217011.2,1317262
1/1/1978,8378,3263,5539,38837,40.3,34.8,38.3,33.8,337633.4,113552.4,212143.7,1312690.6
2/1/1978,8402,3286,5548,39002,40.7,36.2,38.8,33.9,341961.4,118953.2,215262.4,1322167.8
3/1/1978,8427,3407,5565,39228,41.2,37.1,39.4,33.9,347192.4,126399.7,219261,1329829.2
4/1/1978,8469,3529,5568,39466,41.2,37.5,39.3,33.9,348922.8,132337.5,218822.4,1337897.4
5/1/1978,8523,3522,5573,39638,41.2,37,39.2,33.8,351147.6,130314,218461.6,1339764.4
6/1/1978,8548,3593,5581,39850,41.4,37.7,39.3,33.9,353887.2,135456.1,219333.3,1350915
7/1/1978,8578,3619,5574,39956,41.4,37.8,39.3,33.9,355129.2,136798.2,219058.2,1354508.4
8/1/1978,8612,3638,5575,40107,41.3,37.6,39.3,33.8,355675.6,136788.8,219097.5,1355616.6
9/1/1978,8661,3647,5580,40232,41.3,37.2,39.2,33.8,357699.3,135668.4,218736,1359841.6
10/1/1978,8711,3669,5580,40354,41.4,37.6,39.2,33.8,360635.4,137954.4,218736,1363965.2
11/1/1978,8782,3674,5606,40600,41.5,37.4,39.3,33.7,364453,137407.6,220315.8,1368220
12/1/1978,8836,3668,5623,40757,41.4,37.7,39.2,33.7,365810.4,138283.6,220421.6,1373510.9
1/1/1979,8872,3591,5625,40855,41.3,36.3,39,33.6,366413.6,130353.3,219375,1372728
2/1/1979,8890,3599,5611,41018,41.4,37.1,39.1,33.7,368046,133522.9,219390.1,1382306.6
3/1/1979,8911,3765,5615,41202,41.5,37.9,39.3,33.7,369806.5,142693.5,220669.5,1388507.4
4/1/1979,8912,3723,5603,41104,39.7,36.3,38.6,33.6,353806.4,135144.9,216275.8,1381094.4
5/1/1979,8935,3768,5616,41322,41,37.6,39,33.6,366335,141676.8,219024,1388419.2
6/1/1979,8954,3798,5612,41484,40.9,37.8,39.1,33.7,366218.6,143564.4,219429.2,1398010.8
7/1/1979,8922,3816,5614,41468,40.9,37.4,39.2,33.7,364909.8,142718.4,220068.8,1397471.6
8/1/1979,8801,3828,5596,41547,40.8,37.8,39.1,33.6,359080.8,144698.4,218803.6,1395979.2
9/1/1979,8857,3814,5583,41631,40.8,37.7,39.1,33.6,361365.6,143787.8,218295.3,1398801.6
10/1/1979,8795,3805,5589,41806,40.9,37.6,39.1,33.6,359715.5,143068,218529.9,1404681.6
11/1/1979,8722,3797,5573,41933,40.7,37.5,39.2,33.7,354985.4,142387.5,218461.6,1413142.1
12/1/1979,8734,3809,5566,41998,40.7,37.7,39.2,33.6,355473.8,143599.3,218187.2,1411132.8
1/1/1980,8676,3797,5565,42102,40.6,36.9,39,33.6,352245.6,140109.3,217035,1414627.2
2/1/1980,8658,3780,5512,42252,40.7,37.3,39.1,33.5,352380.6,140994,215519.2,1415442
3/1/1980,8655,3711,5510,42349,40.4,37.1,39,33.4,349662,137678.1,214890,1414456.6
4/1/1980,8427,3644,5487,42211,40.3,37.4,39,33.3,339608.1,136285.6,213993,1405626.3
5/1/1980,8184,3606,5448,42175,39.8,37.2,38.6,33.3,325723.2,134143.2,210292.8,1404427.5
6/1/1980,8011,3576,5394,42122,39.7,37.7,38.5,33.3,318036.7,134815.2,207669,1402662.6
7/1/1980,7879,3528,5348,42160,39.6,37.4,38.4,33.2,312008.4,131947.2,205363.2,1399712
8/1/1980,7945,3549,5404,42237,40.1,37.1,38.6,33.3,318594.5,131667.9,208594.4,1406492.1
9/1/1980,7989,3568,5407,42325,40.2,37.7,38.6,33.3,321157.8,134513.6,208710.2,1409422.5
10/1/1980,8038,3575,5399,42434,40.4,37.8,38.8,33.4,324735.2,135135,209481.2,1417295.6
11/1/1980,8125,3568,5403,42546,40.6,37.8,38.9,33.4,329875,134870.4,210176.7,1421036.4
12/1/1980,8143,3571,5407,42674,40.7,37.8,39.1,33.4,331420.1,134983.8,211413.7,1425311.6
1/1/1981,8147,3540,5398,42803,40.7,38.1,39.2,33.5,331582.9,134874,211601.6,1433900.5
2/1/1981,8117,3519,5401,42867,40.3,36.8,39,33.5,327115.1,129499.2,210639,1436044.5
3/1/1981,8145,3568,5405,42923,40.6,38.1,39.1,33.4,330687,135940.8,211335.5,1433628.2
4/1/1981,8183,3582,5411,43052,40.7,37.6,39.2,33.5,333048.1,134683.2,212111.2,1442242
5/1/1981,8205,3504,5428,43086,40.8,37.2,39.2,33.4,334764,130348.8,212777.6,1439072.4
6/1/1981,8207,3471,5425,43169,40.6,37,39.2,33.3,333204.2,128427,212660,1437527.7
7/1/1981,8187,3458,5442,43251,40.5,37.3,39,33.3,331573.5,128983.4,212238,1440258.3
8/1/1981,8150,3440,5423,43310,40.6,37.2,39,33.3,330890,127968,211497,1442223
9/1/1981,8134,3422,5431,43343,40.2,36.9,38.8,33.3,326986.8,126271.8,210722.8,1443321.9
10/1/1981,8021,3406,5378,43356,40.2,37.5,38.7,33.2,322444.2,127725,208128.6,1439419.2
11/1/1981,7882,3380,5353,43290,40,38,38.6,33.3,315280,128440,206625.8,1441557
12/1/1981,7719,3345,5314,43233,39.6,37.6,38.5,33.1,305672.4,125772,204589,1431012.3
1/1/1982,7615,3243,5259,43194,38,34.9,36.2,32.9,289370,113180.7,190375.8,1421082.6
2/1/1982,7579,3310,5252,43229,40.1,37.5,38.8,33.3,303917.9,124125,203777.6,1439525.7
3/1/1982,7506,3294,5221,43219,39.7,37.8,38.3,33.2,297988.2,124513.2,199964.3,1434870.8
4/1/1982,7380,3265,5186,43147,39.6,37.3,38.3,33.1,292248,121784.5,198623.8,1428165.7
5/1/1982,7337,3265,5169,43210,39.7,37.6,38.3,33.2,291278.9,122764,197972.7,1434572
6/1/1982,7229,3211,5136,43175,39.8,37.2,38.3,33.1,287714.2,119449.2,196708.8,1429092.5
7/1/1982,7158,3188,5103,43145,39.7,37.5,38.4,33.2,284172.6,119550,195955.2,1432414
8/1/1982,7044,3166,5109,43090,39.5,37.3,38.3,33.2,278238,118091.8,195674.7,1430588
9/1/1982,6987,3149,5117,43038,39.4,37.8,38.4,33.3,275287.8,119032.2,196492.8,1433165.4
10/1/1982,6793,3131,5087,42984,39.3,37,38.3,33.1,266964.9,115847,194832.1,1422770.4
11/1/1982,6700,3139,5066,42971,39.5,37.2,38.4,33.1,264650,116770.8,194534.4,1422340.1
12/1/1982,6687,3139,5059,42985,39.5,37.4,38.4,33.2,264136.5,117398.6,194265.6,1427102
1/1/1983,6721,3206,5062,43113,39.9,38.4,38.6,33.2,268167.9,123110.4,195393.2,1431351.6
2/1/1983,6731,3147,5063,43153,39.9,37.1,38.4,32.9,268566.9,116753.7,194419.2,1419733.7
3/1/1983,6748,3130,5069,43329,40.2,37.3,38.9,33,271269.6,116749,197184.1,1429857
4/1/1983,6808,3135,5086,43495,40.3,37.1,39,33.1,274362.4,116308.5,198354,1439684.5
5/1/1983,6884,3143,5103,43641,40.6,37.6,39.2,33.2,279490.4,118176.8,200037.6,1448881.2
6/1/1983,6930,3189,5124,43887,40.7,37.7,39.3,33.1,282051,120225.3,201373.2,1452659.7
7/1/1983,7011,3229,5144,44121,40.9,37.7,39.4,33.1,286749.9,121733.3,202673.6,1460405.1
8/1/1983,7049,3273,5151,43666,41,37.7,39.4,33.1,289009,123392.1,202949.4,1445344.6
9/1/1983,7136,3306,5182,44544,41.3,37.5,39.6,33.2,294716.8,123975,205207.2,1478860.8
10/1/1983,7213,3342,5195,44657,41.4,37.2,39.6,33.3,298618.2,124322.4,205722,1487078.1
11/1/1983,7288,3379,5215,44814,41.4,37.3,39.5,33.2,301723.2,126036.7,205992.5,1487824.8
12/1/1983,7329,3405,5224,45026,41.3,37.4,39.3,33.3,302687.7,127347,205303.2,1499365.8
1/1/1984,7379,3455,5238,45144,41.4,37.8,39.4,33.2,305490.6,130599,206377.2,1498780.8
2/1/1984,7451,3550,5252,45380,41.9,38.7,39.9,33.2,312196.9,137385,209554.8,1506616
3/1/1984,7502,3516,5266,45535,41.5,37.4,39.6,33.2,311333,131498.4,208533.6,1511762
4/1/1984,7538,3544,5276,45747,41.6,37.9,39.7,33.3,313580.8,134317.6,209457.2,1523375.1
5/1/1984,7566,3572,5274,45899,41.6,38.1,39.5,33.2,314745.6,136093.2,208323,1523846.8
6/1/1984,7601,3621,5270,46096,41.4,38.4,39.4,33.2,314681.4,139046.4,207638,1530387.2
7/1/1984,7631,3643,5270,46262,41.5,38,39.4,33.2,316686.5,138434,207638,1535898.4
8/1/1984,7651,3649,5255,46389,41.3,38.1,39.3,33.1,315986.3,139026.9,206521.5,1535475.9
9/1/1984,7643,3674,5237,46616,41.4,38.1,39.2,33.2,316420.2,139979.4,205290.4,1547651.2
10/1/1984,7639,3689,5229,46833,41.4,37.8,39.1,33,316254.6,139444.2,204453.9,1545489
11/1/1984,7627,3712,5219,47083,41.3,38.4,39.2,33.1,314995.1,142540.8,204584.8,1558447.3
12/1/1984,7636,3744,5212,47171,41.4,38.3,39.2,33.2,316130.4,143395.2,204310.4,1566077.2
1/1/1985,7626,3760,5207,47386,41.2,37.9,39.1,33,314191.2,142504,203593.7,1563738
2/1/1985,7588,3754,5196,47540,40.8,38.3,39.1,33,309590.4,143778.2,203163.6,1568820
3/1/1985,7572,3821,5186,47747,41.3,38.4,39.2,33,312723.6,146726.4,203291.2,1575651
4/1/1985,7530,3849,5171,47882,41.3,38.5,39.3,32.9,310989,148186.5,203220.3,1575317.8
5/1/1985,7512,3866,5161,48090,41.2,38.1,39.2,33,309494.4,147294.6,202311.2,1586970
6/1/1985,7481,3867,5154,48208,41.3,37.9,39.3,33,308965.3,146559.3,202552.2,1590864
7/1/1985,7444,3877,5152,48289,41.2,38.2,39.3,32.9,306692.8,148101.4,202473.6,1588708.1
8/1/1985,7435,3893,5158,48462,41.4,38.1,39.4,32.9,307809,148323.3,203225.2,1594399.8
9/1/1985,7400,3918,5156,48621,41.3,38.2,39.5,32.9,305620,149667.6,203662,1599630.9
10/1/1985,7404,3929,5152,48784,41.4,38.1,39.6,32.9,306525.6,149694.9,204019.2,1604993.6
11/1/1985,7393,3933,5152,48950,41.4,37.7,39.6,32.9,306070.2,148274.1,204019.2,1610455
12/1/1985,7388,3942,5162,49068,41.7,37.8,39.7,33,308079.6,149007.6,204931.4,1619244
1/1/1986,7383,3963,5163,49146,41.5,38.7,39.6,33,306394.5,153368.1,204454.8,1621818
2/1/1986,7364,3955,5166,49249,41.5,37,39.5,32.9,305606,146335,204057,1620292.1
3/1/1986,7337,3965,5161,49340,41.5,37.3,39.6,33,304485.5,147894.5,204375.6,1628220
4/1/1986,7333,4000,5162,49462,41.3,38,39.4,32.8,302852.9,152000,203382.8,1622353.6
5/1/1986,7311,3981,5163,49608,41.4,37.9,39.6,32.9,302675.4,150879.9,204454.8,1632103.2
6/1/1986,7259,3971,5165,49603,41.4,37.6,39.6,32.8,300522.6,149309.6,204534,1626978.4
7/1/1986,7230,3978,5159,49906,41.3,37.8,39.5,32.8,298599,150368.4,203780.5,1636916.8
8/1/1986,7241,3993,5158,49989,41.4,38,39.7,32.8,299777.4,151734,204772.6,1639639.2
9/1/1986,7238,3989,5173,50195,41.5,38.1,39.6,32.7,300377,151980.9,204850.8,1641376.5
10/1/1986,7216,3991,5180,50310,41.3,37.6,39.6,32.8,298020.8,150061.6,205128,1650168
11/1/1986,7222,3995,5185,50434,41.4,37.5,39.7,32.9,298990.8,149812.5,205844.5,1659278.6
12/1/1986,7229,4019,5196,50548,41.5,37.7,39.8,32.7,300003.5,151516.3,206800.8,1652919.6
1/1/1987,7214,4032,5191,50678,41.5,38.7,39.9,32.8,299381,156038.4,207120.9,1662238.4
2/1/1987,7243,4054,5195,50840,41.9,38.6,40.2,32.9,303481.7,156484.4,208839,1672636
3/1/1987,7242,4051,5204,50992,41.7,38.3,40,32.9,301991.4,155153.3,208160,1677636.8
4/1/1987,7249,4060,5216,51204,41.5,38,39.9,32.8,300833.5,154280,208118.4,1679491.2
5/1/1987,7258,4081,5223,51371,41.7,38.6,40,32.9,302658.6,157526.6,208920,1690105.9
6/1/1987,7260,4080,5222,51479,41.6,38,40,32.9,302016,155040,208880,1693659.1
7/1/1987,7257,4083,5264,51674,41.7,38.2,40,32.8,302616.9,155970.6,210560,1694907.2
8/1/1987,7312,4092,5248,51748,41.6,38.2,40,33,304179.2,156314.4,209920,1707684
9/1/1987,7347,4087,5267,51912,41.4,37.4,40,32.9,304165.8,152853.8,210680,1707904.8
10/1/1987,7367,4126,5270,52130,41.8,38.4,40.1,32.8,307940.6,158438.4,211327,1709864
11/1/1987,7393,4134,5285,52258,41.8,37.9,40,32.9,309027.4,156678.6,211400,1719288.2
12/1/1987,7414,4163,5293,52434,41.7,38.5,40.1,32.7,309163.8,160275.5,212249.3,1714591.8
1/1/1988,7383,4067,5301,52551,41.8,37.4,40.1,32.7,308609.4,152105.8,212570.1,1718417.7
2/1/1988,7400,4138,5306,52837,41.8,37.7,40.1,32.8,309320,156002.6,212770.6,1733053.6
3/1/1988,7405,4175,5307,52960,41.7,38.3,39.9,32.6,308788.5,159902.5,211749.3,1726496
4/1/1988,7428,4199,5305,53124,41.8,38.3,39.9,32.7,310490.4,160821.7,211669.5,1737154.8
5/1/1988,7438,4195,5309,53258,41.9,38.3,39.8,32.7,311652.2,160668.5,211298.2,1741536.6
6/1/1988,7458,4224,5309,53492,42,38.4,39.8,32.7,313236,162201.6,211298.2,1749188.4
7/1/1988,7474,4233,5300,53683,41.9,38.2,39.9,32.7,313160.6,161700.6,211470,1755434.1
8/1/1988,7470,4225,5282,53770,41.6,38.1,39.8,32.6,310752,160972.5,210223.6,1752902
9/1/1988,7483,4229,5281,53958,41.8,37.9,39.9,32.6,312789.4,160279.1,210711.9,1759030.8
10/1/1988,7513,4219,5299,54117,42,38.5,39.9,32.8,315546,162431.5,211430.1,1775037.6
11/1/1988,7541,4235,5310,54290,42,38.4,39.9,32.6,316722,162624,211869,1769854
12/1/1988,7555,4243,5309,54546,41.7,38.1,39.7,32.7,315043.5,161658.3,210767.3,1783654.2
1/1/1989,7565,4257,5317,54724,42,37.9,39.9,32.9,317730,161340.3,212148.3,1800419.6
2/1/1989,7554,4234,5326,54924,42,37.8,40,32.6,317268,160045.2,213040,1790522.4
3/1/1989,7541,4217,5337,55077,41.9,38.3,39.9,32.6,315967.9,161511.1,212946.3,1795510.2
4/1/1989,7536,4250,5331,55179,41.9,38.3,40,32.7,315758.4,162775,213240,1804353.3
5/1/1989,7517,4251,5335,55262,41.7,37.8,39.9,32.6,313458.9,160687.8,212866.5,1801541.2
6/1/1989,7492,4246,5330,55360,41.6,37.8,40,32.6,311667.2,160498.8,213200,1804736
7/1/1989,7456,4259,5334,55421,41.6,38.6,39.9,32.7,310169.6,164397.4,212826.6,1812266.7
8/1/1989,7465,4270,5325,55354,41.6,38.5,39.9,32.6,310544,164395,212467.5,1804540.4
9/1/1989,7428,4263,5317,55580,41.5,38.2,39.8,32.5,308262,162846.6,211616.6,1806350
10/1/1989,7405,4278,5318,55684,41.4,38.7,39.9,32.7,306567,165558.6,212188.2,1820866.8
11/1/1989,7394,4300,5319,55886,41.3,38.8,39.8,32.6,305372.2,166840,211696.2,1821883.6
12/1/1989,7384,4249,5321,56020,41.2,38,39.6,32.5,304220.8,161462,210711.6,1820650
1/1/1990,7405,4273,5331,56192,41.2,39.3,39.6,32.6,305086,167928.9,211107.6,1831859.2
2/1/1990,7531,4247,5314,56310,41.3,38.3,39.6,32.5,311030.3,162660.1,210434.4,1830075
3/1/1990,7513,4226,5304,56413,41.3,38.6,39.6,32.6,310286.9,163123.6,210038.4,1839063.8
4/1/1990,7500,4196,5302,56412,41,38,39.6,32.5,307500,159448,209959.2,1833390
5/1/1990,7469,4172,5284,56391,41.3,37.8,39.7,32.5,308469.7,157701.6,209774.8,1832707.5
6/1/1990,7460,4154,5278,56420,41.3,38.2,39.8,32.6,308098,158682.8,210064.4,1839292
7/1/1990,7415,4128,5259,56463,41.3,37.8,39.7,32.4,306239.5,156038.4,208782.3,1829401.2
8/1/1990,7370,4087,5258,56493,41.1,38.1,39.6,32.5,302907,155714.7,208216.8,1836022.5
9/1/1990,7347,4041,5253,56456,41.2,38.1,39.6,32.4,302696.4,153962.1,208018.8,1829174.4
10/1/1990,7331,3986,5247,56407,41.1,37.2,39.5,32.4,301304.1,148279.2,207256.5,1827586.8
11/1/1990,7217,3952,5224,56428,40.8,38.4,39.4,32.4,294453.6,151756.8,205825.6,1828267.2
12/1/1990,7209,3907,5207,56414,40.9,38.8,39.5,32.4,294848.1,151591.6,205676.5,1827813.6
1/1/1991,7154,3840,5193,56422,40.7,38,39.5,32.4,291167.8,145920,205123.5,1828072.8
2/1/1991,7065,3789,5176,56287,40.6,38.1,39.4,32.4,286839,144360.9,203934.4,1823698.8
3/1/1991,7025,3754,5162,56229,40.4,38,39.4,32.4,283810,142652,203382.8,1821819.6
4/1/1991,7017,3717,5138,56127,40.6,38.2,39.4,32.3,284890.2,141989.4,202437.2,1812902.1
5/1/1991,7007,3685,5139,56098,40.6,37.9,39.5,32.4,284484.2,139661.5,202990.5,1817575.2
6/1/1991,6989,3668,5147,56136,41,38,39.7,32.3,286549,139384,204335.9,1813192.8
7/1/1991,6991,3647,5140,56134,41,38,39.7,32.3,286631,138586,204058,1813128.2
8/1/1991,6990,3632,5168,56189,41.1,37.9,39.9,32.4,287289,137652.8,206203.2,1820523.6
9/1/1991,6977,3624,5166,56227,41.2,38.1,39.8,32.3,287452.4,138074.4,205606.8,1816132.1
10/1/1991,6962,3604,5177,56232,41.2,38.3,39.9,32.4,286834.4,138033.2,206562.3,1821916.8
11/1/1991,6928,3551,5174,56257,41.2,38,40,32.4,285433.6,134938,206960,1822726.8
12/1/1991,6904,3566,5172,56305,41.2,38.4,40,32.3,284444.8,136934.4,206880,1818651.5
1/1/1992,6850,3617,5162,56352,41,38.3,40,32.4,280850,138531.1,206480,1825804.8
2/1/1992,6861,3573,5155,56381,41.3,38.1,40,32.3,283359.3,136131.3,206200,1821106.3
3/1/1992,6852,3560,5152,56431,41.2,38,40,32.3,282302.4,135280,206080,1822721.3
4/1/1992,6860,3551,5168,56565,41.4,38.8,40,32.5,284004,137778.8,206720,1838362.5
5/1/1992,6872,3542,5173,56665,41.5,38.3,40.1,32.5,285188,135658.6,207437.3,1841612.5
6/1/1992,6865,3520,5177,56748,41.4,38.1,40,32.4,284211,134112,207080,1838635.2
7/1/1992,6863,3506,5182,56783,41.5,38,40,32.4,284814.5,133228,207280,1839769.2
8/1/1992,6852,3517,5170,56874,41.4,38.1,40,32.5,283672.8,133997.7,206800,1848405
9/1/1992,6845,3516,5159,56993,41.1,37.9,40.1,32.6,281329.5,133256.4,206875.9,1857971.8
10/1/1992,6837,3533,5162,57144,41.4,38,40.1,32.5,283051.8,134254,206996.2,1857180
11/1/1992,6848,3544,5164,57276,41.5,37.8,40,32.5,284192,133963.2,206560,1861470
12/1/1992,6857,3567,5174,57395,41.5,37.8,40,32.6,284565.5,134832.6,206960,1871077
1/1/1993,6880,3614,5180,57596,41.8,37.7,40.3,32.6,287584,136247.8,208754,1877629.6
2/1/1993,6885,3672,5189,57785,41.8,38.2,40.2,32.6,287793,140270.4,208597.8,1883791
3/1/1993,6881,3617,5193,57766,41.6,38.2,39.7,32.4,286249.6,138169.4,206162.1,1871618.4
4/1/1993,6866,3626,5190,57998,42.1,38.4,40.3,32.6,289058.6,139238.4,209157,1890734.8
5/1/1993,6859,3684,5196,58187,41.8,38.6,40.1,32.5,286706.2,142202.4,208359.6,1891077.5
6/1/1993,6849,3684,5190,58330,41.7,38.5,40,32.6,285603.3,141834,207600,1901558
7/1/1993,6851,3706,5188,58498,41.9,38.5,40.1,32.6,287056.9,142681,208038.8,1907034.8
8/1/1993,6856,3724,5195,58653,41.9,38.6,40.1,32.5,287266.4,143746.4,208319.5,1906222.5
9/1/1993,6886,3737,5196,58805,42,38.8,40.2,32.6,289212,144995.6,208879.2,1917043
10/1/1993,6901,3779,5192,58983,42.1,38.4,40.2,32.6,290532.1,145113.6,208718.4,1922845.8
11/1/1993,6921,3798,5198,59166,42.2,38.8,40.2,32.6,292066.2,147362.4,208959.6,1928811.6
12/1/1993,6946,3832,5192,59344,42.3,38.6,40.1,32.7,293815.8,147915.2,208199.2,1940548.8
1/1/1994,6985,3843,5191,59496,42.3,38.7,40.2,32.6,295465.5,148724.1,208678.2,1939569.6
2/1/1994,6998,3840,5201,59656,41.9,37.6,39.6,32.6,293216.2,144384,205959.6,1944785.6
3/1/1994,7025,3888,5210,59947,42.6,38.8,40.5,32.7,299265,150854.4,211005,1960266.9
4/1/1994,7060,3940,5216,60145,42.6,38.5,40.5,32.7,300756,151690,211248,1966741.5
5/1/1994,7084,3969,5220,60360,42.7,39.1,40.5,32.6,302486.8,155187.9,211410,1967736
6/1/1994,7123,3976,5228,60566,42.6,38.8,40.6,32.7,303439.8,154268.8,212256.8,1980508.2
7/1/1994,7133,4003,5237,60821,42.6,38.9,40.6,32.7,303865.8,155716.7,212622.2,1988846.7
8/1/1994,7183,4010,5246,61003,42.5,38.9,40.6,32.6,305277.5,155989,212987.6,1988697.8
9/1/1994,7213,4036,5246,61212,42.5,38.8,40.5,32.6,306552.5,156596.8,212463,1995511.2
10/1/1994,7240,4043,5250,61353,42.7,38.6,40.6,32.7,309148,156059.8,213150,2006243.1
11/1/1994,7275,4070,5254,61637,42.6,38.8,40.5,32.6,309915,157916,212787,2009366.2
12/1/1994,7297,4083,5259,61862,42.7,39.1,40.6,32.7,311581.9,159645.3,213515.4,2022887.4
1/1/1995,7320,4083,5267,62062,42.8,39.3,40.5,32.6,313296,160461.9,213313.5,2023221.2
2/1/1995,7344,4025,5255,62233,42.6,37.9,40.4,32.6,312854.4,152547.5,212302,2028795.8
3/1/1995,7358,4090,5243,62357,42.4,38.8,40.3,32.5,311979.2,158692,211292.9,2026602.5
4/1/1995,7367,4091,5242,62484,41.6,38.5,40,32.5,306467.2,157503.5,209680,2030730
5/1/1995,7360,4072,5230,62535,41.9,38,40.1,32.5,308384,154736,209723,2032387.5
6/1/1995,7346,4096,5227,62701,42.1,38.7,40.1,32.6,309266.6,158515.2,209602.7,2044052.6
7/1/1995,7335,4103,5204,62804,41.9,39,40,32.5,307336.5,160017,208160,2041130
8/1/1995,7359,4123,5208,63008,42.1,38.8,40,32.5,309813.9,159972.4,208320,2047760
9/1/1995,7366,4150,5201,63183,42.1,38.8,40,32.6,310108.6,161020,208040,2059765.8
10/1/1995,7350,4183,5185,63288,42.2,39.2,39.9,32.5,310170,163973.6,206881.5,2056860
11/1/1995,7341,4172,5173,63392,42.2,38.9,39.9,32.6,309790.2,162290.8,206402.7,2066579.2
12/1/1995,7396,4165,5155,63515,41.7,38.6,39.8,32.5,308413.2,160769,205169,2064237.5
1/1/1996,7381,4162,5130,63515,40.7,38.2,38.2,32.3,300406.7,158988.4,195966,2051534.5
2/1/1996,7394,4208,5137,63807,42.1,39.1,40.1,32.6,311287.4,164532.8,205993.7,2080108.2
3/1/1996,7361,4244,5129,63996,41.8,38.8,40.1,32.6,307689.8,164667.2,205672.9,2086269.6
4/1/1996,7398,4270,5107,64120,42,39.1,39.9,32.5,310716,166957,203769.3,2083900
5/1/1996,7414,4296,5104,64358,42.2,38.5,40.2,32.6,312870.8,165396,205180.8,2098070.8
6/1/1996,7427,4324,5095,64523,42.4,39,40.3,32.6,314904.8,168636,205328.5,2103449.8
7/1/1996,7424,4345,5094,64704,42.2,38.7,40.2,32.5,313292.8,168151.5,204778.8,2102880
8/1/1996,7446,4368,5102,64857,42.4,38.9,40.3,32.6,315710.4,169915.2,205610.6,2114338.2
9/1/1996,7452,4389,5093,64951,42.5,38.8,40.3,32.6,316710,170293.2,205247.9,2117402.6
10/1/1996,7461,4421,5098,65155,42.2,39.1,40.3,32.6,314854.2,172861.1,205449.4,2124053
11/1/1996,7468,4434,5091,65318,42.3,39.1,40.3,32.7,315896.4,173369.4,205167.3,2135898.6
12/1/1996,7481,4446,5091,65458,42.5,39.1,40.4,32.6,317942.5,173838.6,205676.4,2133930.8
1/1/1997,7493,4430,5086,65620,42.2,37.8,40.2,32.6,316204.6,167454,204457.2,2139212
2/1/1997,7507,4493,5087,65814,42.5,38.7,40.3,32.7,319047.5,173879.1,205006.1,2152117.8
3/1/1997,7528,4488,5087,66033,42.7,39.1,40.5,32.7,321445.6,175480.8,206023.5,2159279.1
4/1/1997,7539,4504,5080,66259,42.7,39.3,40.4,32.7,321915.3,177007.2,205232,2166669.3
5/1/1997,7553,4535,5081,66452,42.6,39.3,40.4,32.8,321757.8,178225.5,205272.4,2179625.6
6/1/1997,7573,4531,5073,66560,42.5,39,40.2,32.6,321852.5,176709,203934.6,2169856
7/1/1997,7584,4553,5061,66787,42.5,39.1,40.3,32.7,322320,178022.3,203958.3,2183934.9
8/1/1997,7634,4576,5067,66668,42.5,38.8,40.4,32.9,324445,177548.8,204706.8,2193377.2
9/1/1997,7646,4599,5065,67022,42.5,39.2,40.5,32.8,324955,180280.8,205132.5,2198321.6
10/1/1997,7677,4607,5067,67189,42.6,38.8,40.5,32.8,327040.2,178751.6,205213.5,2203799.2
11/1/1997,7709,4612,5070,67359,42.6,38.2,40.6,32.8,328403.4,176178.4,205842,2209375.2
12/1/1997,7732,4644,5069,67507,42.8,39,40.7,32.8,330929.6,181116,206308.3,2214229.6
1/1/1998,7757,4670,5063,67633,42.6,38.6,40.7,32.9,330448.2,180262,206064.1,2225125.7
2/1/1998,7769,4703,5060,67762,42.5,39.1,40.5,32.8,330182.5,183887.3,204930,2222593.6
3/1/1998,7770,4638,5054,67867,42.3,38.7,40.5,32.7,328671,179490.6,204687,2219250.9
4/1/1998,7773,4743,5042,67992,41.7,38.6,40.4,32.8,324134.1,183079.8,203696.8,2230137.6
5/1/1998,7762,4767,5028,68258,42.1,38.9,40.5,32.9,326780.2,185436.3,203634,2245688.2
6/1/1998,7752,4796,5018,68414,42,38.6,40.5,32.8,325584,185125.6,203229,2243979.2
7/1/1998,7565,4829,4988,68615,41.9,39,40.5,32.8,316973.5,188331,202014,2250572
8/1/1998,7711,4861,4989,68729,42,39.2,40.6,32.8,323862,190551.2,202553.4,2254311.2
9/1/1998,7724,4867,4991,68877,41.8,38.4,40.4,32.7,322863.2,186892.8,201636.4,2252277.9
10/1/1998,7710,4901,4961,69042,42.1,39,40.5,32.9,324591,191139,200920.5,2271481.8
11/1/1998,7684,4921,4951,69235,42.1,38.7,40.5,32.8,323496.4,190442.7,200515.5,2270908
12/1/1998,7681,4988,4945,69417,42.2,39.7,40.5,32.8,324138.2,198023.6,200272.5,2276877.6
1/1/1999,7664,4957,4943,69539,41.9,38.8,40.4,32.8,321121.6,192331.6,199697.2,2280879.2
2/1/1999,7655,5014,4921,69848,42,39,40.5,32.8,321510,195546,199300.5,2291014.4
3/1/1999,7661,4989,4902,69952,41.8,38.4,40.5,32.7,320229.8,191577.6,198531,2287430.4
4/1/1999,7653,5054,4887,70142,41.9,38.8,40.4,32.8,320660.7,196095.2,197434.8,2300657.6
5/1/1999,7652,5079,4880,70302,41.9,38.9,40.5,32.7,320618.8,197573.1,197640,2298875.4
6/1/1999,7641,5108,4863,70484,41.8,39.2,40.5,32.7,319393.8,200233.6,196951.5,2304826.8
7/1/1999,7667,5121,4856,70650,42,38.9,40.5,32.8,322014,199206.9,196668,2317320
8/1/1999,7649,5134,4849,70768,42.1,39,40.5,32.7,322022.9,200226,196384.5,2314113.6
9/1/1999,7648,5157,4848,70913,42.1,39.4,40.4,32.6,321980.8,203185.8,195859.2,2311763.8
10/1/1999,7641,5179,4843,71203,42,39.3,40.5,32.8,320922,203534.7,196141.5,2335458.4
11/1/1999,7646,5223,4844,71376,41.9,39.7,40.5,32.7,320367.4,207353.1,196182,2333995.2
12/1/1999,7648,5238,4841,71589,41.9,39.2,40.5,32.8,320451.2,205329.6,196060.5,2348119.2
1/1/2000,7661,5261,4826,71708,42.1,39.3,40.5,32.8,322528.1,206757.3,195453,2352022.4
2/1/2000,7662,5266,4821,71782,42.2,39.7,40.6,32.7,323336.4,209060.2,195732.6,2347271.4
3/1/2000,7673,5310,4818,71997,42,39.4,40.4,32.7,322266,209214,194647.2,2354301.9
4/1/2000,7666,5302,4815,72256,42.3,39.4,40.7,32.7,324271.8,208898.8,195970.5,2362771.2
5/1/2000,7669,5282,4796,72163,41.7,39.1,40.4,32.7,319797.3,206526.2,193758.4,2359730.1
6/1/2000,7692,5292,4784,72319,41.9,38.8,40.4,32.7,322294.8,205329.6,193273.6,2364831.3
7/1/2000,7693,5306,4780,72426,42.1,39.1,40.5,32.7,323875.3,207464.6,193590,2368330.2
8/1/2000,7672,5307,4755,72493,41.5,39.2,40.3,32.6,318388,208034.4,191626.5,2363271.8
9/1/2000,7646,5311,4734,72711,41.6,39.1,40.3,32.7,318073.6,207660.1,190780.2,2377649.7
10/1/2000,7636,5316,4720,72713,41.7,39.6,40.2,32.6,318421.2,210513.6,189744,2370443.8
11/1/2000,7633,5305,4704,72867,41.6,38.9,40.2,32.7,317532.8,206364.5,189100.8,2382750.9
12/1/2000,7613,5289,4696,72944,40.7,38.7,39.7,32.6,309849.1,204684.3,186431.2,2377974.4
1/1/2001,7546,5312,4679,72992,41,38.9,40.1,32.7,309386,206636.8,187627.9,2386838.4
2/1/2001,7502,5325,4652,73002,40.8,38.3,40,32.6,306081.6,203947.5,186080,2379865.2
3/1/2001,7447,5376,4639,72953,40.8,38.8,39.9,32.6,303837.6,208588.8,185096.1,2378267.8
4/1/2001,7375,5347,4608,72868,40.7,38.7,39.9,32.5,300162.5,206928.9,183859.2,2368210
5/1/2001,7285,5358,4576,72871,40.7,38.9,39.8,32.5,296499.5,208426.2,182124.8,2368307.5
6/1/2001,7204,5354,4538,72792,40.6,38.7,39.9,32.6,292482.4,207199.8,181066.2,2373019.2
7/1/2001,7127,5358,4506,72786,41,38.8,40,32.5,292207,207890.4,180240,2365545
8/1/2001,7046,5334,4448,72796,40.7,38.4,39.8,32.5,286772.2,204825.6,177030.4,2365870
9/1/2001,6983,5314,4419,72658,40.4,38.3,39.9,32.4,282113.2,203526.2,176318.1,2354119.2
10/1/2001,6893,5309,4392,72505,40.3,38.3,39.8,32.3,277787.9,203334.7,174801.6,2341911.5
11/1/2001,6811,5282,4364,72330,40.3,38.8,39.7,32.4,274483.3,204941.6,173250.8,2343492
12/1/2001,6742,5302,4339,72300,40.4,38.8,39.9,32.4,272376.8,205717.6,173126.1,2342520
1/1/2002,6670,5297,4323,72378,40.4,38.8,39.7,32.3,269468,205523.6,171623.1,2337809.4
2/1/2002,6650,5285,4300,72381,40.5,38.6,39.8,32.5,269325,204001,171140,2352382.5
3/1/2002,6616,5257,4286,72416,40.8,38.2,40.1,32.5,269932.8,200817.4,171868.6,2353520
4/1/2002,6588,5210,4273,72353,40.9,38.7,40.1,32.5,269449.2,201627,171347.3,2351472.5
5/1/2002,6572,5173,4251,72281,40.9,38.1,40.2,32.5,268794.8,197091.3,170890.2,2349132.5
6/1/2002,6548,5179,4247,72217,41,38.6,40.2,32.5,268468,199909.4,170729.4,2347052.5
7/1/2002,6531,5161,4233,72124,40.7,38.2,40.1,32.5,265811.7,197150.2,169743.3,2344030
8/1/2002,6492,5164,4205,72125,40.7,38.4,40.2,32.5,264224.4,198297.6,169041,2344062.5
9/1/2002,6466,5155,4205,72150,40.8,38.6,40,32.5,263812.8,198983,168200,2344875
10/1/2002,6439,5147,4190,72273,40.6,38.3,39.9,32.5,261423.4,197130.1,167181,2348872.5
11/1/2002,6403,5168,4180,72248,40.7,38,39.9,32.5,260602.1,196384,166782,2348060
12/1/2002,6368,5141,4155,72157,40.8,38.3,40,32.5,259814.4,196900.3,166200,2345102.5
1/1/2003,6341,5124,4146,72253,40.7,38.5,39.7,32.4,258078.7,197274,164596.2,2340997.2
2/1/2003,6288,5103,4130,72213,40.7,37.4,39.8,32.4,255921.6,190852.2,164374,2339701.2
3/1/2003,6251,5058,4105,72020,40.6,38.6,40,32.4,253790.6,195238.8,164200,2333448
4/1/2003,6184,5094,4075,72056,40.4,38,39.7,32.3,249833.6,193572,161777.5,2327408.8
5/1/2003,6160,5106,4057,72063,40.6,38.5,39.6,32.3,250096,196581,160657.2,2327634.9
6/1/2003,6131,5113,4033,72087,40.7,38.5,39.7,32.3,249531.7,196850.5,160110.1,2328410.1
7/1/2003,6088,5119,4007,72128,40.6,38.4,39.5,32.3,247172.8,196569.6,158276.5,2329734.4
8/1/2003,6085,5140,3995,72177,40.5,38.6,39.6,32.4,246442.5,198404,158202,2338534.8
9/1/2003,6070,5164,3989,72294,40.9,38.4,39.9,32.3,248263,198297.6,159161.1,2335096.2
10/1/2003,6073,5149,3981,72384,41,38.4,40,32.4,248993,197721.6,159240,2345241.6
11/1/2003,6082,5165,3956,72450,41.4,38.5,40.2,32.4,251794.8,198852.5,159031.2,2347380
12/1/2003,6071,5180,3958,72516,41.2,38,40,32.3,250125.2,196840,158320,2342266.8
1/1/2004,6084,5193,3945,72592,41.5,38.1,40.1,32.3,252486,197853.3,158194.5,2344721.6
2/1/2004,6079,5199,3935,72642,41.5,38.4,40.3,32.4,252278.5,199641.6,158580.5,2353600.8
3/1/2004,6086,5236,3939,72825,41.5,38.6,40.1,32.3,252569,202109.6,157953.9,2352247.5
4/1/2004,6112,5234,3947,73036,41.1,37.9,39.9,32.3,251203.2,198368.6,157485.3,2359062.8
5/1/2004,6141,5280,3950,73236,41.6,38.3,40.3,32.4,255465.6,202224,159185,2372846.4
6/1/2004,6148,5295,3938,73398,41.2,38,40.1,32.2,253297.6,201210,157913.8,2363415.6
7/1/2004,6153,5313,3944,73474,41.2,38.4,40.2,32.4,253503.6,204019.2,158548.8,2380557.6
8/1/2004,6177,5334,3938,73586,41.3,38.2,40.2,32.3,255110.1,203758.8,158307.6,2376827.8
9/1/2004,6174,5359,3929,73743,41.1,38.4,40.1,32.4,253751.4,205785.6,157552.9,2389273.2
10/1/2004,6179,5402,3923,74016,41,38.2,39.8,32.4,253339,206356.4,156135.4,2398118.4
11/1/2004,6170,5403,3910,74064,41,38.4,39.7,32.3,252970,207475.2,155227,2392267.2
12/1/2004,6169,5441,3895,74215,41.1,38.6,39.8,32.4,253545.9,210022.6,155021,2404566
1/1/2005,6167,5403,3877,74346,41.2,37.6,40,32.4,254080.4,203152.8,155080,2408810.4
2/1/2005,6187,5468,3868,74518,41.1,38.2,40,32.4,254285.7,208877.6,154720,2414383.2
3/1/2005,6189,5486,3867,74642,40.9,38.1,39.7,32.4,253130.1,209016.6,153519.9,2418400.8
4/1/2005,6193,5565,3855,74899,40.8,38.9,39.8,32.4,252674.4,216478.5,153429,2426727.6
5/1/2005,6207,5580,3853,74984,40.8,38.5,39.7,32.4,253245.6,214830,152964.1,2429481.6
6/1/2005,6206,5609,3843,75241,40.8,38.6,39.6,32.4,253204.8,216507.4,152182.8,2437808.4
7/1/2005,6199,5622,3840,75466,40.9,38.3,39.7,32.4,253539.1,215322.6,152448,2445098.4
8/1/2005,6217,5648,3827,75620,40.9,38.3,39.7,32.4,254275.3,216318.4,151931.9,2450088
9/1/2005,6220,5680,3827,75688,41.2,38.5,39.9,32.4,256264,218680,152697.3,2452291.2
10/1/2005,6259,5721,3813,75762,41.5,38.6,40.1,32.4,259748.5,220830.6,152901.3,2454688.8
11/1/2005,6275,5781,3819,75995,41.5,39.3,40,32.4,260412.5,227193.3,152760,2462238
12/1/2005,6303,5780,3810,76151,41.2,38.5,40.2,32.4,259683.6,222530,153162,2467292.4
1/1/2006,6336,5843,3818,76342,41.4,39.1,40.4,32.5,262310.4,228461.3,154247.2,2481115
2/1/2006,6344,5888,3822,76564,41.4,38.8,40.5,32.4,262641.6,228454.4,154791,2480673.6
3/1/2006,6364,5911,3812,76807,41.5,38.8,40.5,32.3,264106,229346.8,154386,2480866.1
4/1/2006,6380,5945,3810,76930,41.6,39.1,40.5,32.4,265408,232449.5,154305,2492532
5/1/2006,6385,5938,3794,77021,41.5,38.4,40.6,32.3,264977.5,228019.2,154036.4,2487778.3
6/1/2006,6396,5926,3794,77094,41.5,39,40.7,32.4,265434,231114,154415.8,2497845.6
7/1/2006,6388,5925,3787,77235,41.7,38.9,40.8,32.4,266379.6,230482.5,154509.6,2502414
8/1/2006,6379,5934,3780,77387,41.5,39.1,40.6,32.4,264728.5,232019.4,153468,2507338.8
9/1/2006,6356,5917,3765,77489,41.3,38.5,40.7,32.4,262502.8,227804.5,153235.5,2510643.6
10/1/2006,6328,5882,3743,77629,41.4,39.3,40.7,32.4,261979.2,231162.6,152340.1,2515179.6
11/1/2006,6304,5857,3742,77843,41.2,39,40.6,32.4,259724.8,228423,151925.2,2522113.2
12/1/2006,6307,5877,3732,78038,41.3,39.8,40.7,32.5,260479.1,233904.6,151892.4,2536235
1/1/2007,6288,5919,3750,78193,41.2,39.1,40.7,32.4,259065.6,231432.9,152625,2533453.2
2/1/2007,6294,5808,3742,78331,41.1,38.5,40.6,32.4,258683.4,223608,151925.2,2537924.4
3/1/2007,6275,5909,3737,78473,41.5,39.1,40.9,32.5,260412.5,231041.9,152843.3,2550372.5
4/1/2007,6276,5899,3727,78571,41.4,38.8,41,32.4,259826.4,228881.2,152807,2545700.4
5/1/2007,6278,5906,3729,78739,41.4,38.9,40.8,32.4,259909.2,229743.4,152143.2,2551143.6
6/1/2007,6266,5950,3728,78819,41.6,38.9,40.9,32.5,260665.6,231455,152475.2,2561617.5
7/1/2007,6256,5939,3734,78920,41.5,38.9,40.8,32.4,259624,231027.1,152347.2,2557008
8/1/2007,6222,5887,3717,78955,41.6,38.7,40.8,32.4,258835.2,227826.9,151653.6,2558142
9/1/2007,6223,5870,3711,79090,41.6,39,40.9,32.4,258876.8,228930,151779.9,2562516
10/1/2007,6207,5866,3703,79215,41.5,38.8,40.8,32.4,257590.5,227600.8,151082.4,2566566
11/1/2007,6210,5833,3712,79303,41.5,39.1,40.9,32.3,257715,228070.3,151820.8,2561486.9
12/1/2007,6205,5797,3719,79428,41.2,39.1,40.8,32.4,255646,226662.7,151735.2,2573467.2
1/1/2008,6196,5781,3720,79465,41.4,39.2,40.5,32.3,256514.4,226615.2,150660,2566719.5
2/1/2008,6174,5739,3714,79448,41.5,38.7,40.7,32.3,256221,222099.3,151159.8,2566170.4
3/1/2008,6151,5721,3715,79446,41.6,38.9,40.8,32.4,255881.6,222546.9,151572,2574050.4
4/1/2008,6106,5650,3699,79386,41.5,38.8,40.6,32.4,253399,219220,150179.4,2572106.4
5/1/2008,6084,5612,3690,79263,41.3,38.4,40.6,32.4,251269.2,215500.8,149814,2568121.2
6/1/2008,6043,5567,3676,79180,41.3,38.8,40.6,32.4,249575.9,215999.6,149245.6,2565432
7/1/2008,5996,5519,3659,79104,41.2,38.7,40.5,32.3,247035.2,213585.3,148189.5,2555059.2
8/1/2008,5941,5491,3643,78949,41.2,38.6,40.4,32.4,244769.2,211952.6,147177.2,2557947.6
9/1/2008,5883,5428,3625,78762,40.7,38.3,40.2,32.3,239438.1,207892.4,145725,2544012.6
10/1/2008,5790,5367,3598,78533,40.7,38.5,40.2,32.3,235653,206629.5,144639.6,2536615.9
11/1/2008,5731,5229,3563,78076,40.3,37.8,40,32.2,230959.3,197656.2,142520,2514047.2
12/1/2008,5622,5138,3516,77747,39.9,37.8,39.6,32.1,224317.8,194216.4,139233.6,2495678.7
1/1/2009,5423,5013,3460,77412,39.8,37.7,39.6,32.1,215835.4,188990.1,137016,2484925.2
2/1/2009,5317,4920,3423,77063,39.6,38.1,39.6,32.2,210553.2,187452,135550.8,2481428.6
3/1/2009,5208,4792,3384,76686,39.3,37.7,39.4,32,204674.4,180658.4,133329.6,2453952
4/1/2009,5092,4672,3360,76267,39.5,37.6,39.4,32,201134,175667.2,132384,2440544
5/1/2009,4974,4633,3335,76241,39.3,37.7,39.4,32,195478.2,174664.1,131399,2439712
6/1/2009,4890,4556,3311,76047,39.5,37.6,39.7,31.9,193155,171305.6,131446.7,2425899.3
7/1/2009,4874,4490,3295,75945,39.9,37.8,39.9,32,194472.6,169722,131470.5,2430240
8/1/2009,4857,4421,3292,75881,40.1,37.7,39.9,32,194765.7,166671.7,131350.8,2428192
9/1/2009,4844,4369,3291,75835,40.3,37.3,39.8,32,195213.2,162963.7,130981.8,2426720
10/1/2009,4819,4316,3286,75711,40.3,37,40,32,194205.7,159692,131440,2422752
11/1/2009,4802,4302,3281,75749,40.6,37.9,40.3,32.1,194961.2,163045.8,132224.3,2431542.9
12/1/2009,4777,4276,3271,75723,40.7,37.4,40.4,32.1,194423.9,159922.4,132148.4,2430708.3
1/1/2010,4771,4233,3258,75742,40.9,37.8,40.7,32.2,195133.9,160007.4,132600.6,2438892.4
2/1/2010,4772,4160,3259,75739,40.6,37.3,40.4,32.1,193743.2,155168,131663.6,2431221.9
3/1/2010,4780,4192,3248,75840,41.1,37.7,40.8,32.1,196458,158038.4,132518.4,2434464
4/1/2010,4798,4200,3252,75951,41.3,39,40.8,32.2,198157.4,163800,132681.6,2445622.2
5/1/2010,4821,4169,3257,76006,41.6,38.1,41.1,32.2,200553.6,158838.9,133862.7,2447393.2
6/1/2010,4842,4164,3256,76071,41.3,38.3,40.6,32.2,199974.6,159481.2,132193.6,2449486.2
7/1/2010,4849,4145,3253,76162,41.4,38.2,40.6,32.3,200748.6,158339,132071.8,2460032.6
8/1/2010,4852,4163,3247,76250,41.4,38.6,40.9,32.3,200872.8,160691.8,132802.3,2462875
9/1/2010,4863,4154,3236,76347,41.6,38.5,41.2,32.3,202300.8,159929,133323.2,2466008.1
10/1/2010,4861,4172,3235,76496,41.5,38.9,40.8,32.4,201731.5,162290.8,131988,2478470.4
11/1/2010,4865,4179,3240,76603,41.7,38.8,40.7,32.3,202870.5,162145.2,131868,2474276.9
12/1/2010,4874,4144,3243,76732,41.6,38.8,40.8,32.3,202758.4,160787.2,132314.4,2478443.6
1/1/2011,4900,4125,3237,76706,41.4,37.7,40.4,32.3,202860,155512.5,130774.8,2477603.8
2/1/2011,4919,4131,3240,76888,41.8,39.1,40.9,32.3,205614.2,161522.1,132516,2483482.4
3/1/2011,4939,4140,3244,77066,41.9,38.5,40.7,32.3,206944.1,159390,132030.8,2489231.8
4/1/2011,4960,4143,3252,77289,41.7,39.2,40.8,32.4,206832,162405.6,132681.6,2504163.6
5/1/2011,4972,4170,3246,77392,41.9,39.1,40.9,32.4,208326.8,163047,132761.4,2507500.8
6/1/2011,4984,4175,3238,77543,41.8,39,40.8,32.4,208331.2,162825,132110.4,2512393.2
7/1/2011,4997,4194,3248,77658,41.8,39,40.9,32.5,208874.6,163566,132843.2,2523885
8/1/2011,5012,4195,3248,77777,41.8,39,40.7,32.3,209501.6,163605,132193.6,2512197.1
9/1/2011,5019,4222,3250,77964,41.7,39.1,40.8,32.3,209292.3,165080.2,132600,2518237.2
10/1/2011,5033,4224,3244,78119,41.9,38.8,41,32.5,210882.7,163891.2,133004,2538867.5
11/1/2011,5040,4236,3229,78301,41.8,39.1,40.9,32.4,210672,165627.6,132066.1,2536952.4
12/1/2011,5064,4244,3231,78473,42,39.2,40.9,32.4,212688,166364.8,132147.9,2542525.2
1/1/2012,5091,4256,3233,78708,42.2,39.2,41.1,32.6,214840.2,166835.2,132876.3,2565880.8
2/1/2012,5114,4237,3237,78974,42.2,39.3,41.1,32.5,215810.8,166514.1,133040.7,2566655
3/1/2012,5138,4242,3248,79104,42,39.2,40.9,32.4,215796,166286.4,132843.2,2562969.6
4/1/2012,5149,4242,3246,79183,42.2,39.2,41,32.4,217287.8,166286.4,133086,2565529.2
5/1/2012,5161,4216,3251,79331,42,39.1,40.9,32.4,216762,164845.6,132965.9,2570324.4
6/1/2012,5163,4225,3251,79374,42.1,39.1,40.9,32.4,217362.3,165197.5,132965.9,2571717.6
7/1/2012,5183,4233,3257,79458,42.2,39.1,41.1,32.4,218722.6,165510.3,133862.7,2574439.2
8/1/2012,5169,4244,3260,79610,41.8,39,41,32.4,216064.2,165516,133660,2579364
9/1/2012,5159,4248,3261,79777,41.8,39.2,41,32.5,215646.2,166521.6,133701,2592752.5
10/1/2012,5160,4260,3262,79932,41.8,39.3,41.1,32.4,215688,167418,134068.2,2589796.8
11/1/2012,5168,4267,3244,80063,41.8,39.1,41.1,32.4,216022.4,166839.7,133328.4,2594041.2
12/1/2012,5174,4298,3239,80220,42,39.5,41.2,32.5,217308,169771,133446.8,2607150
1/1/2013,5179,4331,3246,80272,41.9,39.6,41.1,32.4,217000.1,171507.6,133410.6,2600812.8
2/1/2013,5179,4365,3246,80445,42.3,39.6,41.2,32.5,219071.7,172854,133735.2,2614462.5
3/1/2013,5173,4377,3237,80575,42.3,39.8,41.2,32.5,218817.9,174204.6,133364.4,2618687.5
4/1/2013,5176,4373,3237,80735,42.2,39.5,41.2,32.4,218427.2,172733.5,133364.4,2615814
5/1/2013,5171,4400,3233,80879,42,39.8,41.2,32.4,217182,175120,133199.6,2620479.6
6/1/2013,5172,4422,3228,81017,42.1,39.5,41.2,32.5,217741.2,174669,132993.6,2633052.5
7/1/2013,5157,4426,3227,81179,42,39.4,41.2,32.3,216594,174384.4,132952.4,2622081.7
8/1/2013,5179,4445,3227,81334,42.3,39.5,41.2,32.4,219071.7,175577.5,132952.4,2635221.6
9/1/2013,5196,4466,3230,81449,42.3,39.5,41.1,32.4,219790.8,176407,132753,2638947.6
10/1/2013,5208,4488,3239,81605,42.3,39.3,41.1,32.3,220298.4,176378.4,133122.9,2635841.5
11/1/2013,5220,4510,3246,81772,42.5,39.7,41.1,32.4,221850,179047,133410.6,2649412.8
12/1/2013,5214,4489,3252,81866,42.3,38.9,41.2,32.4,220552.2,174622.1,133982.4,2652458.4
1/1/2014,5208,4529,3258,81973,41.9,39,41.1,32.3,218215.2,176631,133903.8,2647727.9
2/1/2014,5231,4541,3263,82065,42.1,38.5,40.9,32.2,220225.1,174828.5,133456.7,2642493
3/1/2014,5241,4562,3269,82275,42.5,39.8,41.3,32.4,222742.5,181567.6,135009.7,2665710
4/1/2014,5251,4596,3274,82457,42.4,39.4,41.1,32.4,222642.4,181082.4,134561.4,2671606.8
5/1/2014,5260,4611,3273,82625,42.6,39.5,41.3,32.4,224076,182134.5,135174.9,2677050
6/1/2014,5282,4629,3277,82793,42.6,39.5,41.4,32.4,225013.2,182845.5,135667.8,2682493.2
7/1/2014,5299,4663,3281,82917,42.5,39.8,41.2,32.4,225207.5,185587.4,135177.2,2686510.8
8/1/2014,5310,4682,3283,83056,42.5,39.7,41.3,32.4,225675,185875.4,135587.9,2691014.4
9/1/2014,5307,4708,3290,83194,42.6,39.8,41.4,32.4,226078.2,187378.4,136206,2695485.6
10/1/2014,5322,4719,3296,83310,42.6,39.7,41.4,32.4,226717.2,187344.3,136454.4,2699244
11/1/2014,5334,4719,3311,83479,42.6,39.6,41.6,32.5,227228.4,186872.4,137737.6,2713067.5
12/1/2014,5336,4740,3315,83683,42.4,39.8,41.7,32.5,226246.4,188652,138235.5,2719697.5
1/1/2015,5333,4757,3313,83789,42.3,39.7,41.6,32.4,225585.9,188852.9,137820.8,2714763.6
2/1/2015,5339,4780,3314,83954,42.2,39.8,41.5,32.5,225305.8,190244,137531,2728505
3/1/2015,5341,4761,3319,84083,42.1,39.5,41.4,32.4,224856.1,188059.5,137406.6,2724289.2
4/1/2015,5339,4798,3321,84192,42.1,39.4,41.4,32.4,224771.9,189041.2,137489.4,2727820.8
5/1/2015,5360,4831,3325,84462,42.1,39.3,41.4,32.4,225656,189858.3,137655,2736568.8
6/1/2015,5361,4848,3331,84566,42.2,39.8,41.1,32.3,226234.2,192950.4,136904.1,2731481.8
7/1/2015,5359,4867,3345,84662,42.1,39.6,41.2,32.4,225613.9,192733.2,137814,2743048.8
8/1/2015,5359,4884,3332,84810,42.1,39.8,41.4,32.5,225613.9,194383.2,137944.8,2756325
9/1/2015,5361,4901,3333,84947,42,39.7,41.3,32.4,225162,194569.7,137652.9,2752282.8
10/1/2015,5356,4935,3348,85126,42,40,41.4,32.4,224952,197400,138607.2,2758082.4
11/1/2015,5345,4977,3351,85264,42.1,39.6,41.3,32.5,225024.5,197089.2,138396.3,2771080
12/1/2015,5341,5021,3355,85458,42.2,40.1,41.1,32.5,225390.2,201342.1,137890.5,2777385
1/1/2016,5342,5007,3364,85521,42.4,39.8,41.2,32.5,226500.8,199278.6,138596.8,2779432.5
2/1/2016,5330,5008,3362,85685,42.2,39.6,41.1,32.4,224926,198316.8,138178.2,2776194
3/1/2016,5321,5039,3358,85857,42.1,39.3,41.2,32.3,224014.1,198032.7,138349.6,2773181.1
4/1/2016,5319,5053,3353,85954,42.3,39.6,41.2,32.4,224993.7,200098.8,138143.6,2784909.6
5/1/2016,5300,5051,3354,86039,42.4,39.4,41.1,32.4,224720,199009.4,137849.4,2787663.6
6/1/2016,5300,5056,3372,86234,42.2,39.7,41.2,32.3,223660,200723.2,138926.4,2785358.2
7/1/2016,5308,5073,3379,86419,42.5,39.7,41.1,32.4,225590,201398.1,138876.9,2799975.6
8/1/2016,5288,5073,3374,86562,42.3,39.4,41,32.3,223682.4,199876.2,138334,2795952.6
9/1/2016,5282,5097,3375,86758,42.3,39.8,41.2,32.4,223428.6,202860.6,139050,2810959.2
10/1/2016,5282,5120,3370,86865,42.4,39.8,41.3,32.4,223956.8,203776,139181,2814426
11/1/2016,5279,5135,3371,86975,42.3,39.9,41.2,32.3,223301.7,204886.5,138885.2,2809292.5
12/1/2016,5290,5141,3373,87131,42.3,39.5,41.2,32.3,223767,203069.5,138967.6,2814331.3
1/1/2017,5295,5163,3373,87309,42.3,39.4,41.2,32.3,223978.5,203422.2,138967.6,2820080.7
2/1/2017,5294,5177,3398,87471,42.4,39.6,41.2,32.3,224465.6,205009.2,139997.6,2825313.3
3/1/2017,5299,5190,3403,87555,42.3,39.3,41,32.3,224147.7,203967,139523,2828026.5
4/1/2017,5296,5198,3413,87703,42.4,39.6,41.3,32.5,224550.4,205840.8,140956.9,2850347.5
5/1/2017,5300,5201,3414,87820,42.4,39.8,41.2,32.4,224720,206999.8,140656.8,2845368
6/1/2017,5302,5220,3411,87954,42.4,39.6,41.4,32.4,224804.8,206712,141215.4,2849709.6
7/1/2017,5287,5223,3419,88101,42.2,39.5,41.5,32.4,223111.4,206308.5,141888.5,2854472.4
8/1/2017,5322,5248,3424,88168,42.3,39.7,41.4,32.4,225120.6,208345.6,141753.6,2856643.2
9/1/2017,5331,5256,3429,88188,42.3,39.4,41.2,32.4,225501.3,207086.4,141274.8,2857291.2
10/1/2017,5339,5267,3434,88344,42.4,39.7,41.4,32.5,226373.6,209099.9,142167.6,2871180
11/1/2017,5354,5288,3434,88479,42.4,40,41.5,32.5,227009.6,211520,142511,2875567.5
12/1/2017,5368,5304,3437,88500,42.2,39.7,41.3,32.5,226529.6,210568.8,141948.1,2876250
1/1/2018,5385,5320,3436,88557,42.2,39.3,41.3,32.3,227247,209076,141906.8,2860391.1
2/1/2018,5397,5348,3427,88776,42.6,40,41.7,32.5,229912.2,213920,142905.9,2885220
3/1/2018,5416,5368,3424,88857,42.5,40,41.6,32.4,230180,214720,142438.4,2878966.8
4/1/2018,5432,5390,3425,88989,42.7,40,41.8,32.4,231946.4,215600,143165,2883243.6
5/1/2018,5436,5430,3433,89228,42.3,40.2,41.8,32.4,229942.8,218286,143499.4,2890987.2
6/1/2018,5463,5446,3438,89344,42.6,39.9,41.5,32.5,232723.8,217295.4,142677,2903680
7/1/2018,5478,5466,3443,89401,42.5,40.1,41.8,32.5,232815,219186.6,143917.4,2905532.5
8/1/2018,5479,5487,3445,89526,42.5,39.7,41.6,32.5,232857.5,217833.9,143312,2909595
9/1/2018,5498,5499,3440,89566,42.3,39.4,41.7,32.4,232565.4,216660.6,143448,2901938.4
10/1/2018,5514,5505,3439,89650,42.5,39.6,41.4,32.4,234345,217998,142374.6,2904660
11/1/2018,5525,5491,3437,89748,42.3,39.5,41.4,32.4,233707.5,216894.5,142291.8,2907835.2
12/1/2018,5540,5519,3435,89823,42.5,39.9,41.3,32.4,235450,220208.1,141865.5,2910265.2
1/1/2019,5570,5556,3434,89997,42.3,40.3,41.5,32.5,235611,223906.8,142511,2924902.5
2/1/2019,5566,5483,3428,89969,42,39.1,41.1,32.4,233772,214385.3,140890.8,2914995.6
3/1/2019,5558,5513,3432,90038,42,39.8,41.2,32.5,233436,219417.4,141398.4,2926235
4/1/2019,5541,5558,3427,90260,41.9,39.5,41.2,32.4,232167.9,219541,141192.4,2924424
5/1/2019,5536,5576,3423,90347,41.9,39.6,41,32.3,231958.4,220809.6,140343,2918208.1
6/1/2019,5541,5590,3426,90449,42,40,41.1,32.4,232722,223600,140808.6,2930547.6
7/1/2019,5535,5605,3421,90558,41.8,39.6,41,32.3,231363,221958,140261,2925023.4
8/1/2019,5529,5627,3424,90652,41.9,39.8,40.9,32.4,231665.1,223954.6,140041.6,2937124.8
9/1/2019,5522,5639,3427,90782,41.8,40,40.8,32.4,230819.6,225560,139821.6,2941336.8
10/1/2019,5472,5639,3428,90838,41.8,39.9,40.9,32.3,228729.6,224996.1,140205.2,2934067.4
11/1/2019,5507,5613,3436,90960,41.7,39.5,40.9,32.3,229641.9,221713.5,140532.4,2938008
12/1/2019,5501,5599,3429,91059,41.7,39.2,40.8,32.4,229391.7,219480.8,139903.2,2950311.6
1/1/2020,5488,5633,3418,91247,41.5,39.6,40.9,32.4,227752,223066.8,139796.2,2956402.8
2/1/2020,5493,5646,3418,91364,41.7,39.3,41.1,32.5,229058.1,221887.8,140479.8,2969330
3/1/2020,5465,5601,3404,90059,41.3,39.4,41,32.2,225704.5,220679.4,139564,2899899.8
4/1/2020,4665,4738,3124,74269,38,38.3,39.1,32.6,177270,181465.4,122148.4,2421169.4
5/1/2020,4755,5155,3190,76499,39.5,39.3,39.4,33.1,187822.5,202591.5,125686,2532116.9
6/1/2020,5066,5296,3246,80182,40,39.6,39.8,33,202640,209721.6,129190.8,2646006
7/1/2020,5089,5300,3248,81627,41,39.5,40.2,32.9,208649,209350,130569.6,2685528.3
8/1/2020,5080,5347,3273,82529,41.3,39.5,40.7,33.1,209804,211206.5,133211.1,2731709.9
9/1/2020,5100,5367,3280,83460,41.4,39.4,40.8,33.1,211140,211459.8,133824,2762526
10/1/2020,5093,5416,3292,84082,41.5,39.3,41.1,33.2,211359.5,212848.8,135301.2,2791522.4
11/1/2020,5130,5429,3290,84471,41.5,39.4,40.9,33.2,212895,213902.6,134561,2804437.2
12/1/2020,5143,5450,3309,84151,41.5,39.5,41.2,33.1,213434.5,215275,136330.8,2785398.1
1/1/2021,5145,5457,3309,84378,41.8,39.9,41.2,33.3,215061,217734.3,136330.8,2809787.4
2/1/2021,5161,5367,3311,84865,41.4,38.4,41.3,33,213665.4,206092.8,136744.3,2800545
3/1/2021,5187,5478,3324,85215,41.8,40,41.3,33.2,216816.6,219120,137281.2,2829138
4/1/2021,5141,5473,3313,85496,41.6,39.8,41.6,33.3,213865.6,217825.4,137820.8,2847016.8
5/1/2021,5181,5461,3316,85898,41.7,39.5,41.4,33.3,216047.7,215709.5,137282.4,2860403.4
6/1/2021,5216,5466,3318,86401,41.3,39.3,41.4,33.2,215420.8,214813.8,137365.2,2868513.2
7/1/2021,5272,5474,3330,87080,41.5,39.6,41.5,33.2,218788,216770.4,138195,2891056
8/1/2021,5300,5497,3337,87352,41.5,39.5,41.3,33.1,219950,217131.5,137818.1,2891351.2
9/1/2021,5315,5526,3343,87821,41.4,41,41.4,33.1,220041,226566,138400.2,2906875.1
10/1/2021,5351,5556,3359,88321,41.3,39.4,41.4,33.1,220996.3,218906.4,139062.6,2923425.1
11/1/2021,5365,5604,3386,88785,41.5,39.8,41.3,33.1,222647.5,223039.2,139841.8,2938783.5
12/1/2021,5393,5633,3394,89133,41.5,39.9,41.2,33,223809.5,224756.7,139832.8,2941389
1/1/2022,5414,5630,3403,89437,41.3,39.5,40.8,32.9,223598.2,222385,138842.4,2942477.3
2/1/2022,5426,5644,3427,90125,41.7,40.2,41.2,33,226264.2,226888.8,141192.4,2974125
3/1/2022,5471,5670,3444,90333,41.7,39.3,41,33,228140.7,222831,141204,2980989
4/1/2022,5497,5683,3465,90556,41.6,39.5,40.8,33,228675.2,224478.5,141372,2988348
5/1/2022,5496,5711,3479,90744,41.5,39.7,40.7,32.9,228084,226726.7,141595.3,2985477.6
6/1/2022,5513,5726,3493,91004,41.4,39.4,40.5,33,228238.2,225604.4,141466.5,3003132
7/1/2022,5534,5745,3502,91406,41.5,39.5,40.4,32.9,229661,226927.5,141480.8,3007257.4
8/1/2022,5560,5757,3496,91539,41.3,39.5,40.4,32.9,229628,227401.5,141238.4,3011633.1
9/1/2022,5581,5768,3504,91765,41.4,39.6,40.4,32.9,231053.4,228412.8,141561.6,3019068.5
10/1/2022,5592,5785,3511,91883,41.4,39.8,40.3,32.9,231508.8,230243,141493.3,3022950.7
11/1/2022,5608,5789,3506,92022,41.1,39.2,40.4,32.9,230488.8,226928.8,141642.4,3027523.8
12/1/2022,5624,5798,3500,92082,40.9,39.3,40,32.8,230021.6,227861.4,140000,3020289.6
1/1/2023,5625,5820,3512,92397,41.1,39.9,40.5,33,231187.5,232218,142236,3049101
2/1/2023,5626,5813,3514,92555,41,39.9,40.2,32.8,230666,231938.7,141262.8,3035804
3/1/2023,5626,5811,3510,92739,40.8,39.5,40.3,32.8,229540.8,229534.5,141453,3041839.2
4/1/2023,5620,5826,3517,92867,41,39.5,40.3,32.7,230420,230127,141735.1,3036750.9
5/1/2023,5618,5825,3510,93096,41.1,39.5,40.2,32.7,230899.8,230087.5,141102,3044239.2
6/1/2023,5628,5844,3501,93117,41.2,39.6,40.1,32.7,231873.6,231422.4,140390.1,3044925.9
7/1/2023,5630,5850,3492,93299,41,39.5,40.2,32.7,230830,231075,140378.4,3050877.3
8/1/2023,5615,5872,3490,93291,41,39.7,40.3,32.7,230215,233118.4,140647,3050615.7
9/1/2023,5616,5872,3494,93470,40.9,39.7,40.4,32.7,229694.4,233118.4,141157.6,3056469
10/1/2023,5577,5877,3498,93517,41,39.8,40.3,32.6,228657,233904.6,140969.4,3048654.2
