Date,,Durable Emp,Durable Hours,Construction Emp,Construction Hours,Nondurable goods Emp,Nondurable Hours,Services Emp,Services Hours
1947,M01,6961,40.7,1882,39.1,5484,40.3,,
1947,M02,7018,40.5,1934,38.9,5469,40.2,,
1947,M03,7038,40.6,1923,40.0,5480,40.0,,
1947,M04,7065,40.8,1926,38.7,5466,40.2,,
1947,M05,6991,40.8,1915,38.5,5458,40.0,,
1947,M06,6968,40.8,1932,38.2,5421,39.9,,
1947,M07,6800,40.8,1928,38.4,5465,39.9,,
1947,M08,6849,40.1,1940,38.3,5521,39.8,,
1947,M09,6874,40.8,1952,38.5,5556,40.1,,
1947,M10,6906,40.7,1960,38.4,5558,40.3,,
1947,M11,6926,40.9,1957,38.6,5568,40.1,,
1947,M12,6957,41.2,2001,38.8,5569,40.3,,
1948,M01,6951,40.9,2083,38.7,5569,40.0,,
1948,M02,6883,40.6,2034,38.3,5554,39.7,,
1948,M03,6923,40.8,2063,39.0,5566,39.8,,
1948,M04,6854,40.3,2090,38.5,5450,39.8,,
1948,M05,6840,40.4,2111,38.1,5504,40.0,,
1948,M06,6798,40.7,2126,38.7,5604,39.8,,
1948,M07,6853,40.6,2125,38.6,5564,39.7,,
1948,M08,6860,40.7,2115,38.4,5537,39.5,,
1948,M09,6864,40.5,2111,39.9,5586,39.5,,
1948,M10,6860,40.5,2113,38.1,5504,39.0,,
1948,M11,6835,40.5,2128,38.7,5467,39.0,,
1948,M12,6726,40.3,2163,39.1,5401,38.8,,
1949,M01,6572,40.1,2166,38.7,5333,38.5,,
1949,M02,6482,40.0,2159,38.7,5310,38.7,,
1949,M03,6358,39.5,2138,38.6,5296,38.6,,
1949,M04,6256,39.3,2113,38.3,5261,38.3,,
1949,M05,6106,39.4,2099,38.7,5246,38.4,,
1949,M06,6040,39.4,2059,38.2,5226,38.5,,
1949,M07,5994,39.6,2064,38.2,5174,38.7,,
1949,M08,6011,39.4,2068,38.1,5240,38.9,,
1949,M09,6036,39.7,2084,37.4,5248,39.1,,
1949,M10,5636,39.7,2079,37.8,5304,39.4,,
1949,M11,5710,39.1,2089,38.5,5254,39.1,,
1949,M12,5925,39.8,2073,37.1,5248,39.0,,
1950,M01,6004,40.0,2091,36.7,5254,39.2,,
1950,M02,5997,40.2,2105,35.9,5265,39.2,,
1950,M03,6065,40.2,2111,36.8,5297,39.2,,
1950,M04,6220,41.1,2154,37.8,5308,39.3,,
1950,M05,6515,41.2,2198,37.8,5340,39.3,,
1950,M06,6633,41.5,2250,38.0,5346,39.5,,
1950,M07,6736,41.8,2292,37.8,5371,39.8,,
1950,M08,6997,42.0,2325,38.2,5479,40.4,,
1950,M09,7026,41.7,2345,37.5,5493,39.7,,
1950,M10,7160,41.9,2373,38.2,5499,40.0,,
1950,M11,7192,41.7,2392,39.6,5490,40.1,,
1950,M12,7214,41.7,2368,38.0,5496,39.9,,
1951,M01,7280,41.6,2436,38.6,5536,40.1,,
1951,M02,7367,41.6,2449,37.3,5562,39.9,,
1951,M03,7405,41.8,2490,37.9,5531,40.0,,
1951,M04,7436,41.9,2514,38.4,5524,39.9,,
1951,M05,7435,42.0,2524,38.8,5506,39.7,,
1951,M06,7438,41.9,2506,38.2,5496,39.5,,
1951,M07,7395,41.6,2508,38.8,5453,39.3,,
1951,M08,7377,41.4,2504,38.7,5395,39.0,,
1951,M09,7318,41.5,2490,38.7,5341,39.0,,
1951,M10,7300,41.4,2511,39.0,5315,38.7,,
1951,M11,7319,41.4,2474,38.5,5309,39.0,,
1951,M12,7332,41.7,2504,38.8,5335,39.3,,
1952,M01,7341,41.9,2502,39.5,5334,39.3,,
1952,M02,7360,41.8,2559,39.8,5329,39.4,,
1952,M03,7363,41.6,2498,38.8,5332,39.3,,
1952,M04,7386,41.1,2489,39.3,5327,39.2,,
1952,M05,7367,41.3,2488,39.0,5309,39.3,,
1952,M06,7024,41.4,2520,39.4,5329,39.6,,
1952,M07,6875,40.9,2513,39.1,5358,39.4,,
1952,M08,7386,41.4,2518,39.0,5378,39.8,,
1952,M09,7598,41.9,2520,39.6,5409,39.9,,
1952,M10,7688,42.0,2490,39.4,5434,40.0,,
1952,M11,7796,42.0,2502,39.2,5466,40.0,,
1952,M12,7902,42.1,2510,39.6,5473,40.0,,
1953,M01,7971,42.0,2518,38.8,5476,39.8,,
1953,M02,8048,41.9,2542,39.0,5481,39.8,,
1953,M03,8132,42.0,2517,38.8,5488,40.0,,
1953,M04,8135,41.7,2497,38.4,5494,39.8,,
1953,M05,8134,41.8,2473,38.3,5511,39.9,,
1953,M06,8135,41.7,2458,38.5,5501,39.7,,
1953,M07,8157,41.5,2451,37.9,5496,39.6,,
1953,M08,8095,41.5,2450,38.3,5469,39.4,,
1953,M09,7989,41.0,2477,37.9,5430,38.8,,
1953,M10,7853,40.9,2499,38.4,5391,39.0,,
1953,M11,7644,40.7,2498,38.9,5346,38.9,,
1953,M12,7543,40.4,2501,37.9,5304,38.8,,
1954,M01,7443,40.2,2441,35.9,5263,38.6,,
1954,M02,7337,40.3,2492,38.2,5256,38.8,,
1954,M03,7241,40.1,2491,38.7,5252,38.8,,
1954,M04,7138,40.2,2487,38.3,5223,38.9,,
1954,M05,7075,40.3,2461,37.8,5207,38.9,,
1954,M06,7023,40.3,2452,37.9,5197,38.9,,
1954,M07,6940,40.3,2445,37.9,5181,39.0,,
1954,M08,6909,40.4,2443,37.5,5180,39.0,,
1954,M09,6912,40.5,2436,37.7,5192,39.1,,
1954,M10,6946,40.2,2449,37.1,5196,39.0,,
1954,M11,6996,40.8,2489,38.3,5210,39.2,,
1954,M12,7030,40.7,2497,37.6,5224,39.3,,
1955,M01,7072,41.2,2528,37.1,5237,39.4,,
1955,M02,7157,41.3,2525,36.8,5251,39.6,,
1955,M03,7247,41.5,2589,38.2,5277,39.7,,
1955,M04,7327,41.6,2622,37.1,5299,39.8,,
1955,M05,7420,42.0,2654,37.8,5311,39.9,,
1955,M06,7479,41.5,2660,37.4,5331,39.9,,
1955,M07,7502,41.4,2679,37.9,5316,39.7,,
1955,M08,7530,41.4,2671,37.2,5336,39.7,,
1955,M09,7520,41.4,2666,38.0,5310,39.6,,
1955,M10,7545,41.6,2646,37.1,5351,40.1,,
1955,M11,7587,41.8,2638,37.2,5380,40.0,,
1955,M12,7628,41.6,2632,38.0,5381,40.0,,
1956,M01,7630,41.4,2677,37.4,5381,40.0,,
1956,M02,7597,41.3,2712,37.7,5389,39.8,,
1956,M03,7532,41.2,2730,36.8,5373,39.7,,
1956,M04,7603,41.2,2762,37.6,5367,39.5,,
1956,M05,7560,41.1,2798,37.7,5365,39.4,,
1956,M06,7494,41.0,2916,38.2,5342,39.2,,
1956,M07,7137,41.2,2834,37.9,5298,39.2,,
1956,M08,7535,41.0,2882,37.8,5325,39.2,,
1956,M09,7513,41.3,2844,38.1,5309,39.3,,
1956,M10,7589,41.3,2832,38.2,5319,39.5,,
1956,M11,7578,41.1,2828,38.3,5286,39.3,,
1956,M12,7588,41.5,2812,38.1,5294,39.3,,
1957,M01,7592,41.2,2727,36.4,5289,39.3,,
1957,M02,7608,41.3,2784,38.6,5277,39.4,,
1957,M03,7575,41.1,2795,38.2,5280,39.3,,
1957,M04,7541,40.6,2775,37.7,5270,39.2,,
1957,M05,7508,40.5,2760,37.5,5254,39.2,,
1957,M06,7463,40.6,2762,37.6,5234,39.2,,
1957,M07,7439,40.5,2735,37.6,5230,39.3,,
1957,M08,7466,40.6,2710,37.8,5207,39.2,,
1957,M09,7328,40.1,2699,37.3,5200,39.1,,
1957,M10,7262,39.8,2686,37.2,5175,38.8,,
1957,M11,7140,39.7,2663,36.5,5161,38.6,,
1957,M12,7024,39.4,2640,36.9,5146,38.6,,
1958,M01,6839,39.2,2649,37.6,5130,38.5,,
1958,M02,6666,39.0,2499,35.2,5091,38.4,,
1958,M03,6513,39.2,2571,37.2,5019,38.3,,
1958,M04,6368,39.3,2548,37.3,5005,38.5,,
1958,M05,6287,39.3,2541,37.5,5007,38.4,,
1958,M06,6288,39.5,2518,37.0,5012,38.5,,
1958,M07,6336,39.7,2526,36.9,5013,38.7,,
1958,M08,6390,39.9,2548,37.3,5022,38.9,,
1958,M09,6530,40.0,2582,37.3,5026,38.9,,
1958,M10,6349,40.0,2620,37.7,5045,39.1,,
1958,M11,6631,40.3,2678,38.0,5071,39.3,,
1958,M12,6660,40.4,2580,36.7,5083,39.2,,
1959,M01,6734,40.7,2689,37.6,5115,39.5,,
1959,M02,6820,40.7,2649,36.5,5130,39.7,,
1959,M03,6932,41.0,2691,37.5,5146,39.7,,
1959,M04,7029,41.1,2771,38.0,5156,39.8,,
1959,M05,7108,41.3,2773,37.8,5169,39.9,,
1959,M06,7145,41.2,2783,38.0,5185,39.7,,
1959,M07,7176,40.9,2771,37.5,5190,39.5,,
1959,M08,6732,41.0,2769,37.8,5204,39.6,,
1959,M09,6778,41.0,2735,37.7,5206,39.6,,
1959,M10,6690,40.8,2691,36.8,5174,39.3,,
1959,M11,6796,40.2,2705,37.3,5195,39.6,,
1959,M12,7056,40.8,2715,38.0,5198,39.6,,
1960,M01,7152,41.4,2702,37.0,5210,39.6,,
1960,M02,7221,40.9,2718,36.8,5213,39.4,,
1960,M03,7152,40.6,2554,36.3,5210,39.1,,
1960,M04,7087,40.5,2684,38.1,5212,39.3,,
1960,M05,7012,40.5,2703,37.0,5206,39.5,,
1960,M06,6918,40.4,2679,37.3,5184,39.3,,
1960,M07,6876,40.3,2685,37.7,5171,39.3,,
1960,M08,6839,40.2,2659,37.2,5147,39.1,,
1960,M09,6821,39.9,2644,37.2,5135,38.7,,
1960,M10,6727,40.3,2638,37.5,5119,38.9,,
1960,M11,6627,39.7,2619,37.2,5099,38.8,,
1960,M12,6501,38.8,2522,35.5,5055,37.8,,
1961,M01,6410,39.8,2595,38.1,5063,38.7,,
1961,M02,6355,39.8,2562,38.1,5059,38.8,,
1961,M03,6349,39.9,2597,37.3,5061,38.9,,
1961,M04,6382,40.0,2565,36.6,5062,38.9,,
1961,M05,6482,40.3,2545,36.8,5062,39.0,,
1961,M06,6514,40.5,2585,37.4,5079,39.3,,
1961,M07,6560,40.6,2562,37.3,5079,39.3,,
1961,M08,6610,40.7,2576,37.6,5091,39.3,,
1961,M09,6593,40.0,2587,37.0,5086,38.9,,
1961,M10,6622,41.0,2602,37.6,5109,39.5,,
1961,M11,6712,41.3,2607,37.9,5130,39.8,,
1961,M12,6729,41.1,2596,36.1,5143,39.5,,
1962,M01,6718,40.7,2555,35.1,5147,39.2,,
1962,M02,6799,41.1,2637,37.0,5151,39.5,,
1962,M03,6818,41.2,2612,37.5,5152,39.7,,
1962,M04,6847,41.2,2680,37.5,5187,39.8,,
1962,M05,6845,41.2,2684,38.1,5166,39.7,,
1962,M06,6837,41.1,2620,37.2,5169,39.7,,
1962,M07,6840,41.1,2683,37.8,5164,39.6,,
1962,M08,6827,41.2,2684,37.8,5163,39.5,,
1962,M09,6862,41.2,2691,38.0,5171,39.6,,
1962,M10,6872,41.1,2687,37.6,5162,39.3,,
1962,M11,6832,41.2,2693,37.7,5145,39.5,,
1962,M12,6822,40.9,2647,36.0,5139,39.4,,
1963,M01,6837,41.2,2682,37.1,5137,39.5,,
1963,M02,6838,41.2,2650,36.5,5127,39.5,,
1963,M03,6852,41.2,2641,37.6,5138,39.5,,
1963,M04,6887,41.2,2703,38.3,5142,39.5,,
1963,M05,6921,41.3,2722,38.0,5145,39.5,,
1963,M06,6919,41.5,2721,38.1,5131,39.6,,
1963,M07,6937,41.4,2750,37.9,5143,39.5,,
1963,M08,6919,41.3,2759,37.9,5141,39.6,,
1963,M09,6950,41.3,2774,37.8,5138,39.6,,
1963,M10,6973,41.4,2767,38.3,5158,39.7,,
1963,M11,6950,41.5,2743,37.7,5122,39.6,,
1963,M12,6973,41.4,2724,36.4,5135,39.6,,
1964,M01,6977,40.9,2657,35.8,5155,39.1,24601,37.5
1964,M02,6998,41.5,2783,37.8,5167,39.6,24651,37.5
1964,M03,7030,41.4,2776,37.9,5160,39.5,24683,37.5
1964,M04,7045,41.5,2766,37.8,5166,39.5,24708,37.6
1964,M05,7053,41.6,2772,38.0,5178,39.6,24806,37.5
1964,M06,7071,41.7,2793,37.9,5184,39.6,24872,37.5
1964,M07,7119,41.7,2805,37.5,5190,39.6,24982,37.5
1964,M08,7152,41.8,2811,37.8,5202,39.7,25080,37.3
1964,M09,7258,41.9,2813,37.5,5221,39.4,25208,37.4
1964,M10,6998,41.3,2842,38.0,5226,39.8,25233,37.4
1964,M11,7240,41.8,2867,38.2,5237,39.8,25283,37.4
1964,M12,7300,42.1,2860,38.0,5251,39.9,25367,37.4
1965,M01,7333,42.2,2874,38.1,5270,40.0,25449,37.4
1965,M02,7374,42.2,2855,37.7,5270,40.0,25555,37.4
1965,M03,7413,42.3,2865,38.1,5288,40.0,25580,37.4
1965,M04,7465,42.2,2829,37.6,5287,39.9,25778,37.5
1965,M05,7496,42.2,2897,38.3,5296,40.0,25829,37.5
1965,M06,7550,42.1,2901,37.7,5304,39.9,25907,37.3
1965,M07,7631,42.0,2873,38.0,5331,40.0,26007,37.2
1965,M08,7662,41.9,2921,38.0,5332,39.9,26100,37.2
1965,M09,7701,42.0,2938,38.0,5345,39.9,26227,37.3
1965,M10,7730,42.1,2953,37.9,5370,40.0,26297,37.2
1965,M11,7785,42.2,2979,37.7,5390,40.0,26368,37.2
1965,M12,7839,42.2,3010,38.2,5404,40.1,26496,37.2
1966,M01,7890,42.5,3005,38.3,5411,40.1,26572,37.1
1966,M02,7986,42.6,2942,38.3,5440,40.3,26663,37.2
1966,M03,8049,42.4,3022,39.0,5459,40.3,26750,37.1
1966,M04,8120,42.8,3008,37.9,5478,40.3,26868,37.1
1966,M05,8177,42.4,2972,37.2,5501,40.2,26970,37.0
1966,M06,8231,42.3,3028,38.0,5522,40.1,27088,37.0
1966,M07,8233,42.0,3029,38.4,5525,40.1,27178,36.9
1966,M08,8299,42.3,2997,37.8,5544,40.0,27235,36.9
1966,M09,8329,42.1,2968,37.8,5512,39.9,27330,36.8
1966,M10,8378,42.1,2941,38.1,5528,40.1,27423,36.8
1966,M11,8376,42.1,2914,37.7,5542,39.9,27486,36.8
1966,M12,8362,41.7,2911,38.3,5544,39.8,27582,36.7
1967,M01,8350,41.9,2947,38.9,5575,39.9,27660,36.7
1967,M02,8319,41.1,2909,37.7,5534,39.3,27690,36.6
1967,M03,8280,41.2,2884,38.0,5517,39.5,27797,36.5
1967,M04,8199,41.0,2877,37.6,5513,39.4,27773,36.4
1967,M05,8184,41.1,2864,37.3,5480,39.4,27927,36.5
1967,M06,8153,41.1,2856,38.0,5479,39.4,28006,36.5
1967,M07,8121,41.2,2902,38.1,5481,39.5,28094,36.3
1967,M08,8199,41.4,2908,37.9,5482,39.5,28186,36.3
1967,M09,8041,41.3,2911,38.2,5518,39.7,28278,36.4
1967,M10,8052,41.3,2912,37.8,5535,39.7,28293,36.3
1967,M11,8237,41.2,2937,39.5,5540,39.8,28501,36.3
1967,M12,8231,41.4,2932,37.5,5551,39.6,28599,36.2
1968,M01,8250,41.2,2817,36.8,5548,39.2,28555,36.2
1968,M02,8235,41.5,2970,38.0,5558,39.8,28731,36.2
1968,M03,8236,41.5,2968,37.3,5567,39.7,28784,36.1
1968,M04,8276,41.1,2985,38.2,5582,39.2,28898,36.1
1968,M05,8291,41.7,2972,37.8,5609,39.8,28899,36.1
1968,M06,8292,41.6,2938,38.1,5629,39.8,29047,36.2
1968,M07,8327,41.6,2963,37.6,5626,39.7,29148,36.2
1968,M08,8260,41.3,2993,38.0,5643,39.7,29275,36.1
1968,M09,8272,41.6,3028,38.1,5642,39.9,29350,36.1
1968,M10,8313,41.7,3058,38.0,5661,39.9,29501,36.0
1968,M11,8373,41.7,3050,36.4,5655,39.6,29670,35.9
1968,M12,8383,41.3,3081,38.1,5661,39.7,29764,35.9
1969,M01,8443,41.6,3104,38.3,5643,39.6,29842,36.1
1969,M02,8473,41.3,3114,38.3,5661,39.0,29951,35.9
1969,M03,8496,41.5,3125,38.2,5673,39.7,30062,36.0
1969,M04,8476,41.8,3134,38.4,5668,39.8,30187,35.9
1969,M05,8484,41.4,3176,38.3,5677,39.6,30289,36.0
1969,M06,8526,41.4,3206,38.1,5680,39.6,30419,35.9
1969,M07,8507,41.3,3205,38.1,5687,39.5,30528,35.9
1969,M08,8597,41.4,3189,38.4,5690,39.5,30630,35.9
1969,M09,8499,41.4,3216,38.6,5660,39.4,30641,35.9
1969,M10,8517,41.3,3209,37.9,5657,39.4,30781,35.8
1969,M11,8367,41.2,3217,38.3,5668,39.5,30835,35.9
1969,M12,8350,41.3,3218,38.5,5663,39.5,30905,35.8
1970,M01,8291,41.1,3148,37.3,5673,39.4,30951,35.7
1970,M02,8244,40.8,3196,38.6,5653,39.3,31007,35.7
1970,M03,8283,40.7,3209,38.2,5634,39.2,31063,35.6
1970,M04,8175,40.4,3179,38.5,5610,39.0,31019,35.5
1970,M05,8065,40.3,3141,38.2,5551,39.0,31036,35.5
1970,M06,7995,40.5,3139,38.0,5559,38.9,31036,35.4
1970,M07,7948,40.7,3151,37.9,5579,39.0,31063,35.5
1970,M08,7910,40.5,3152,37.7,5539,38.9,30992,35.6
1970,M09,7878,40.3,3122,36.9,5523,38.7,31084,35.5
1970,M10,7412,40.1,3132,37.3,5493,38.8,31093,35.5
1970,M11,7304,40.1,3145,37.4,5477,38.8,31052,35.4
1970,M12,7585,40.0,3161,38.3,5477,38.8,31069,35.3
1971,M01,7601,40.5,3143,37.7,5468,39.1,31159,35.3
1971,M02,7578,40.3,3092,37.2,5455,38.9,31169,35.3
1971,M03,7536,40.4,3162,38.0,5448,39.0,31188,35.2
1971,M04,7535,40.4,3221,37.7,5458,39.3,31262,35.3
1971,M05,7599,40.5,3231,37.3,5482,39.2,31348,35.2
1971,M06,7554,40.5,3231,37.6,5458,39.1,31374,35.3
1971,M07,7531,40.5,3257,37.5,5470,39.2,31427,35.1
1971,M08,7528,40.3,3257,37.6,5465,39.1,31428,35.3
1971,M09,7548,40.2,3286,37.6,5490,39.1,31550,35.2
1971,M10,7547,40.5,3328,37.8,5480,39.1,31547,35.3
1971,M11,7569,40.5,3356,38.8,5495,39.2,31612,35.3
1971,M12,7580,40.8,3286,37.2,5498,39.3,31769,35.4
1972,M01,7615,40.8,3414,37.2,5558,39.3,31931,35.3
1972,M02,7673,41.0,3350,37.2,5562,39.5,32049,35.3
1972,M03,7734,41.0,3406,37.3,5582,39.5,32213,35.3
1972,M04,7775,41.2,3411,36.8,5598,39.6,32287,35.3
1972,M05,7835,41.2,3436,36.7,5616,39.5,32370,35.2
1972,M06,7844,41.3,3444,36.9,5631,39.6,32586,35.2
1972,M07,7769,41.2,3413,37.0,5618,39.5,32560,35.2
1972,M08,7939,41.3,3444,37.1,5623,39.5,32663,35.1
1972,M09,7943,41.4,3458,37.1,5629,39.5,32709,35.2
1972,M10,8029,41.5,3496,37.3,5652,39.5,32888,35.3
1972,M11,8114,41.6,3454,36.5,5669,39.5,33064,35.2
1972,M12,8211,41.4,3365,35.7,5691,39.4,33305,35.2
1973,M01,8304,41.5,3447,36.3,5702,38.9,33407,35.2
1973,M02,8403,41.8,3482,36.3,5724,39.5,33582,35.2
1973,M03,8444,41.7,3517,37.1,5737,39.6,33712,35.2
1973,M04,8455,41.6,3525,37.0,5737,39.5,33773,35.1
1973,M05,8492,41.6,3555,37.4,5725,39.4,33819,35.1
1973,M06,8530,41.5,3608,37.4,5723,39.4,33875,35.2
1973,M07,8526,41.6,3651,37.4,5706,39.4,33855,35.2
1973,M08,8548,41.4,3633,37.3,5703,39.3,34005,35.1
1973,M09,8525,41.5,3631,36.9,5688,39.4,34060,35.0
1973,M10,8573,41.4,3623,37.1,5716,39.4,34232,35.0
1973,M11,8617,41.4,3618,38.2,5725,39.5,34367,35.0
1973,M12,8649,41.4,3613,37.1,5737,39.5,34431,34.9
1974,M01,8602,41.2,3576,36.2,5738,39.4,34451,34.9
1974,M02,8547,41.1,3621,37.6,5722,39.4,34548,34.9
1974,M03,8518,41.1,3619,37.1,5705,39.3,34578,34.9
1974,M04,8548,40.0,3593,36.4,5677,38.8,34646,34.9
1974,M05,8529,41.1,3564,36.9,5670,39.2,34787,34.8
1974,M06,8543,40.9,3509,37.2,5654,39.1,34852,34.9
1974,M07,8517,40.8,3416,37.2,5635,39.1,34924,34.8
1974,M08,8480,40.9,3439,36.9,5609,39.1,34939,34.8
1974,M09,8447,40.8,3393,37.0,5578,38.8,34936,34.8
1974,M10,8363,40.8,3356,37.3,5521,38.7,35027,34.6
1974,M11,8180,40.3,3293,37.4,5427,38.3,34937,34.6
1974,M12,7939,40.1,3239,37.5,5320,38.1,34813,34.6
1975,M01,7720,40.0,3239,37.1,5213,37.9,34691,34.7
1975,M02,7511,39.7,3110,36.7,5111,37.7,34628,34.6
1975,M03,7422,39.5,3023,35.5,5061,37.7,34586,34.5
1975,M04,7332,39.7,2956,36.7,5075,37.9,34512,34.5
1975,M05,7306,39.6,2941,37.1,5100,38.2,34632,34.5
1975,M06,7259,39.7,2921,36.2,5112,38.5,34670,34.5
1975,M07,7223,39.9,2897,36.8,5151,38.7,34878,34.5
1975,M08,7341,40.2,2928,37.2,5197,39.1,35023,34.6
1975,M09,7375,40.3,2944,37.0,5242,39.2,35038,34.5
1975,M10,7376,40.4,2952,36.8,5311,39.3,35150,34.5
1975,M11,7382,40.3,2962,37.1,5318,39.3,35201,34.6
1975,M12,7453,40.7,2998,37.2,5358,39.5,35354,34.5
1976,M01,7546,40.8,3051,37.6,5399,39.7,35588,34.6
1976,M02,7611,40.9,3034,37.8,5419,39.6,35771,34.6
1976,M03,7665,40.8,3034,36.4,5427,39.4,35890,34.4
1976,M04,7719,40.1,3025,37.4,5441,39.0,36029,34.5
1976,M05,7748,41.0,2989,37.2,5382,39.3,36084,34.4
1976,M06,7749,41.0,2966,37.3,5372,39.1,36141,34.3
1976,M07,7750,41.0,2964,37.1,5374,39.2,36274,34.3
1976,M08,7838,41.0,2963,37.0,5357,39.0,36327,34.2
1976,M09,7847,40.9,2965,37.6,5406,39.1,36433,34.3
1976,M10,7712,40.7,2973,37.6,5397,39.0,36467,34.2
1976,M11,7807,40.8,3004,37.5,5392,39.1,36533,34.1
1976,M12,7833,40.5,3006,37.2,5397,39.1,36684,34.2
1977,M01,7886,40.1,2966,35.6,5419,38.5,36856,34.1
1977,M02,7890,40.9,3070,38.0,5441,39.3,36985,34.2
1977,M03,7967,41.0,3150,37.2,5457,39.3,37175,34.1
1977,M04,8011,41.1,3193,37.4,5479,39.4,37341,34.1
1977,M05,8080,41.3,3213,37.3,5487,39.3,37510,34.1
1977,M06,8122,41.3,3233,36.9,5500,39.4,37678,34.1
1977,M07,8170,41.2,3244,36.9,5500,39.1,37841,34.1
1977,M08,8179,41.2,3251,36.7,5500,39.3,37988,34.1
1977,M09,8204,41.3,3269,36.4,5510,39.1,38222,34.0
1977,M10,8210,41.4,3277,36.9,5512,39.3,38353,34.1
1977,M11,8252,41.3,3301,37.0,5519,39.3,38549,34.0
1977,M12,8325,41.2,3323,36.7,5536,39.2,38743,34.0
1978,M01,8378,40.3,3263,34.8,5539,38.3,38837,33.8
1978,M02,8402,40.7,3286,36.2,5548,38.8,39002,33.9
1978,M03,8427,41.2,3407,37.1,5565,39.4,39228,33.9
1978,M04,8469,41.2,3529,37.5,5568,39.3,39466,33.9
1978,M05,8523,41.2,3522,37.0,5573,39.2,39638,33.8
1978,M06,8548,41.4,3593,37.7,5581,39.3,39850,33.9
1978,M07,8578,41.4,3619,37.8,5574,39.3,39956,33.9
1978,M08,8612,41.3,3638,37.6,5575,39.3,40107,33.8
1978,M09,8661,41.3,3647,37.2,5580,39.2,40232,33.8
1978,M10,8711,41.4,3669,37.6,5580,39.2,40354,33.8
1978,M11,8782,41.5,3674,37.4,5606,39.3,40600,33.7
1978,M12,8836,41.4,3668,37.7,5623,39.2,40757,33.7
1979,M01,8872,41.3,3591,36.3,5625,39.0,40855,33.6
1979,M02,8890,41.4,3599,37.1,5611,39.1,41018,33.7
1979,M03,8911,41.5,3765,37.9,5615,39.3,41202,33.7
1979,M04,8912,39.7,3723,36.3,5603,38.6,41104,33.6
1979,M05,8935,41.0,3768,37.6,5616,39.0,41322,33.6
1979,M06,8954,40.9,3798,37.8,5612,39.1,41484,33.7
1979,M07,8922,40.9,3816,37.4,5614,39.2,41468,33.7
1979,M08,8801,40.8,3828,37.8,5596,39.1,41547,33.6
1979,M09,8857,40.8,3814,37.7,5583,39.1,41631,33.6
1979,M10,8795,40.9,3805,37.6,5589,39.1,41806,33.6
1979,M11,8722,40.7,3797,37.5,5573,39.2,41933,33.7
1979,M12,8734,40.7,3809,37.7,5566,39.2,41998,33.6
1980,M01,8676,40.6,3797,36.9,5565,39.0,42102,33.6
1980,M02,8658,40.7,3780,37.3,5512,39.1,42252,33.5
1980,M03,8655,40.4,3711,37.1,5510,39.0,42349,33.4
1980,M04,8427,40.3,3644,37.4,5487,39.0,42211,33.3
1980,M05,8184,39.8,3606,37.2,5448,38.6,42175,33.3
1980,M06,8011,39.7,3576,37.7,5394,38.5,42122,33.3
1980,M07,7879,39.6,3528,37.4,5348,38.4,42160,33.2
1980,M08,7945,40.1,3549,37.1,5404,38.6,42237,33.3
1980,M09,7989,40.2,3568,37.7,5407,38.6,42325,33.3
1980,M10,8038,40.4,3575,37.8,5399,38.8,42434,33.4
1980,M11,8125,40.6,3568,37.8,5403,38.9,42546,33.4
1980,M12,8143,40.7,3571,37.8,5407,39.1,42674,33.4
1981,M01,8147,40.7,3540,38.1,5398,39.2,42803,33.5
1981,M02,8117,40.3,3519,36.8,5401,39.0,42867,33.5
1981,M03,8145,40.6,3568,38.1,5405,39.1,42923,33.4
1981,M04,8183,40.7,3582,37.6,5411,39.2,43052,33.5
1981,M05,8205,40.8,3504,37.2,5428,39.2,43086,33.4
1981,M06,8207,40.6,3471,37.0,5425,39.2,43169,33.3
1981,M07,8187,40.5,3458,37.3,5442,39.0,43251,33.3
1981,M08,8150,40.6,3440,37.2,5423,39.0,43310,33.3
1981,M09,8134,40.2,3422,36.9,5431,38.8,43343,33.3
1981,M10,8021,40.2,3406,37.5,5378,38.7,43356,33.2
1981,M11,7882,40.0,3380,38.0,5353,38.6,43290,33.3
1981,M12,7719,39.6,3345,37.6,5314,38.5,43233,33.1
1982,M01,7615,38.0,3243,34.9,5259,36.2,43194,32.9
1982,M02,7579,40.1,3310,37.5,5252,38.8,43229,33.3
1982,M03,7506,39.7,3294,37.8,5221,38.3,43219,33.2
1982,M04,7380,39.6,3265,37.3,5186,38.3,43147,33.1
1982,M05,7337,39.7,3265,37.6,5169,38.3,43210,33.2
1982,M06,7229,39.8,3211,37.2,5136,38.3,43175,33.1
1982,M07,7158,39.7,3188,37.5,5103,38.4,43145,33.2
1982,M08,7044,39.5,3166,37.3,5109,38.3,43090,33.2
1982,M09,6987,39.4,3149,37.8,5117,38.4,43038,33.3
1982,M10,6793,39.3,3131,37.0,5087,38.3,42984,33.1
1982,M11,6700,39.5,3139,37.2,5066,38.4,42971,33.1
1982,M12,6687,39.5,3139,37.4,5059,38.4,42985,33.2
1983,M01,6721,39.9,3206,38.4,5062,38.6,43113,33.2
1983,M02,6731,39.9,3147,37.1,5063,38.4,43153,32.9
1983,M03,6748,40.2,3130,37.3,5069,38.9,43329,33.0
1983,M04,6808,40.3,3135,37.1,5086,39.0,43495,33.1
1983,M05,6884,40.6,3143,37.6,5103,39.2,43641,33.2
1983,M06,6930,40.7,3189,37.7,5124,39.3,43887,33.1
1983,M07,7011,40.9,3229,37.7,5144,39.4,44121,33.1
1983,M08,7049,41.0,3273,37.7,5151,39.4,43666,33.1
1983,M09,7136,41.3,3306,37.5,5182,39.6,44544,33.2
1983,M10,7213,41.4,3342,37.2,5195,39.6,44657,33.3
1983,M11,7288,41.4,3379,37.3,5215,39.5,44814,33.2
1983,M12,7329,41.3,3405,37.4,5224,39.3,45026,33.3
1984,M01,7379,41.4,3455,37.8,5238,39.4,45144,33.2
1984,M02,7451,41.9,3550,38.7,5252,39.9,45380,33.2
1984,M03,7502,41.5,3516,37.4,5266,39.6,45535,33.2
1984,M04,7538,41.6,3544,37.9,5276,39.7,45747,33.3
1984,M05,7566,41.6,3572,38.1,5274,39.5,45899,33.2
1984,M06,7601,41.4,3621,38.4,5270,39.4,46096,33.2
1984,M07,7631,41.5,3643,38.0,5270,39.4,46262,33.2
1984,M08,7651,41.3,3649,38.1,5255,39.3,46389,33.1
1984,M09,7643,41.4,3674,38.1,5237,39.2,46616,33.2
1984,M10,7639,41.4,3689,37.8,5229,39.1,46833,33.0
1984,M11,7627,41.3,3712,38.4,5219,39.2,47083,33.1
1984,M12,7636,41.4,3744,38.3,5212,39.2,47171,33.2
1985,M01,7626,41.2,3760,37.9,5207,39.1,47386,33.0
1985,M02,7588,40.8,3754,38.3,5196,39.1,47540,33.0
1985,M03,7572,41.3,3821,38.4,5186,39.2,47747,33.0
1985,M04,7530,41.3,3849,38.5,5171,39.3,47882,32.9
1985,M05,7512,41.2,3866,38.1,5161,39.2,48090,33.0
1985,M06,7481,41.3,3867,37.9,5154,39.3,48208,33.0
1985,M07,7444,41.2,3877,38.2,5152,39.3,48289,32.9
1985,M08,7435,41.4,3893,38.1,5158,39.4,48462,32.9
1985,M09,7400,41.3,3918,38.2,5156,39.5,48621,32.9
1985,M10,7404,41.4,3929,38.1,5152,39.6,48784,32.9
1985,M11,7393,41.4,3933,37.7,5152,39.6,48950,32.9
1985,M12,7388,41.7,3942,37.8,5162,39.7,49068,33.0
1986,M01,7383,41.5,3963,38.7,5163,39.6,49146,33.0
1986,M02,7364,41.5,3955,37.0,5166,39.5,49249,32.9
1986,M03,7337,41.5,3965,37.3,5161,39.6,49340,33.0
1986,M04,7333,41.3,4000,38.0,5162,39.4,49462,32.8
1986,M05,7311,41.4,3981,37.9,5163,39.6,49608,32.9
1986,M06,7259,41.4,3971,37.6,5165,39.6,49603,32.8
1986,M07,7230,41.3,3978,37.8,5159,39.5,49906,32.8
1986,M08,7241,41.4,3993,38.0,5158,39.7,49989,32.8
1986,M09,7238,41.5,3989,38.1,5173,39.6,50195,32.7
1986,M10,7216,41.3,3991,37.6,5180,39.6,50310,32.8
1986,M11,7222,41.4,3995,37.5,5185,39.7,50434,32.9
1986,M12,7229,41.5,4019,37.7,5196,39.8,50548,32.7
1987,M01,7214,41.5,4032,38.7,5191,39.9,50678,32.8
1987,M02,7243,41.9,4054,38.6,5195,40.2,50840,32.9
1987,M03,7242,41.7,4051,38.3,5204,40.0,50992,32.9
1987,M04,7249,41.5,4060,38.0,5216,39.9,51204,32.8
1987,M05,7258,41.7,4081,38.6,5223,40.0,51371,32.9
1987,M06,7260,41.6,4080,38.0,5222,40.0,51479,32.9
1987,M07,7257,41.7,4083,38.2,5264,40.0,51674,32.8
1987,M08,7312,41.6,4092,38.2,5248,40.0,51748,33.0
1987,M09,7347,41.4,4087,37.4,5267,40.0,51912,32.9
1987,M10,7367,41.8,4126,38.4,5270,40.1,52130,32.8
1987,M11,7393,41.8,4134,37.9,5285,40.0,52258,32.9
1987,M12,7414,41.7,4163,38.5,5293,40.1,52434,32.7
1988,M01,7383,41.8,4067,37.4,5301,40.1,52551,32.7
1988,M02,7400,41.8,4138,37.7,5306,40.1,52837,32.8
1988,M03,7405,41.7,4175,38.3,5307,39.9,52960,32.6
1988,M04,7428,41.8,4199,38.3,5305,39.9,53124,32.7
1988,M05,7438,41.9,4195,38.3,5309,39.8,53258,32.7
1988,M06,7458,42.0,4224,38.4,5309,39.8,53492,32.7
1988,M07,7474,41.9,4233,38.2,5300,39.9,53683,32.7
1988,M08,7470,41.6,4225,38.1,5282,39.8,53770,32.6
1988,M09,7483,41.8,4229,37.9,5281,39.9,53958,32.6
1988,M10,7513,42.0,4219,38.5,5299,39.9,54117,32.8
1988,M11,7541,42.0,4235,38.4,5310,39.9,54290,32.6
1988,M12,7555,41.7,4243,38.1,5309,39.7,54546,32.7
1989,M01,7565,42.0,4257,37.9,5317,39.9,54724,32.9
1989,M02,7554,42.0,4234,37.8,5326,40.0,54924,32.6
1989,M03,7541,41.9,4217,38.3,5337,39.9,55077,32.6
1989,M04,7536,41.9,4250,38.3,5331,40.0,55179,32.7
1989,M05,7517,41.7,4251,37.8,5335,39.9,55262,32.6
1989,M06,7492,41.6,4246,37.8,5330,40.0,55360,32.6
1989,M07,7456,41.6,4259,38.6,5334,39.9,55421,32.7
1989,M08,7465,41.6,4270,38.5,5325,39.9,55354,32.6
1989,M09,7428,41.5,4263,38.2,5317,39.8,55580,32.5
1989,M10,7405,41.4,4278,38.7,5318,39.9,55684,32.7
1989,M11,7394,41.3,4300,38.8,5319,39.8,55886,32.6
1989,M12,7384,41.2,4249,38.0,5321,39.6,56020,32.5
1990,M01,7405,41.2,4273,39.3,5331,39.6,56192,32.6
1990,M02,7531,41.3,4247,38.3,5314,39.6,56310,32.5
1990,M03,7513,41.3,4226,38.6,5304,39.6,56413,32.6
1990,M04,7500,41.0,4196,38.0,5302,39.6,56412,32.5
1990,M05,7469,41.3,4172,37.8,5284,39.7,56391,32.5
1990,M06,7460,41.3,4154,38.2,5278,39.8,56420,32.6
1990,M07,7415,41.3,4128,37.8,5259,39.7,56463,32.4
1990,M08,7370,41.1,4087,38.1,5258,39.6,56493,32.5
1990,M09,7347,41.2,4041,38.1,5253,39.6,56456,32.4
1990,M10,7331,41.1,3986,37.2,5247,39.5,56407,32.4
1990,M11,7217,40.8,3952,38.4,5224,39.4,56428,32.4
1990,M12,7209,40.9,3907,38.8,5207,39.5,56414,32.4
1991,M01,7154,40.7,3840,38.0,5193,39.5,56422,32.4
1991,M02,7065,40.6,3789,38.1,5176,39.4,56287,32.4
1991,M03,7025,40.4,3754,38.0,5162,39.4,56229,32.4
1991,M04,7017,40.6,3717,38.2,5138,39.4,56127,32.3
1991,M05,7007,40.6,3685,37.9,5139,39.5,56098,32.4
1991,M06,6989,41.0,3668,38.0,5147,39.7,56136,32.3
1991,M07,6991,41.0,3647,38.0,5140,39.7,56134,32.3
1991,M08,6990,41.1,3632,37.9,5168,39.9,56189,32.4
1991,M09,6977,41.2,3624,38.1,5166,39.8,56227,32.3
1991,M10,6962,41.2,3604,38.3,5177,39.9,56232,32.4
1991,M11,6928,41.2,3551,38.0,5174,40.0,56257,32.4
1991,M12,6904,41.2,3566,38.4,5172,40.0,56305,32.3
1992,M01,6850,41.0,3617,38.3,5162,40.0,56352,32.4
1992,M02,6861,41.3,3573,38.1,5155,40.0,56381,32.3
1992,M03,6852,41.2,3560,38.0,5152,40.0,56431,32.3
1992,M04,6860,41.4,3551,38.8,5168,40.0,56565,32.5
1992,M05,6872,41.5,3542,38.3,5173,40.1,56665,32.5
1992,M06,6865,41.4,3520,38.1,5177,40.0,56748,32.4
1992,M07,6863,41.5,3506,38.0,5182,40.0,56783,32.4
1992,M08,6852,41.4,3517,38.1,5170,40.0,56874,32.5
1992,M09,6845,41.1,3516,37.9,5159,40.1,56993,32.6
1992,M10,6837,41.4,3533,38.0,5162,40.1,57144,32.5
1992,M11,6848,41.5,3544,37.8,5164,40.0,57276,32.5
1992,M12,6857,41.5,3567,37.8,5174,40.0,57395,32.6
1993,M01,6880,41.8,3614,37.7,5180,40.3,57596,32.6
1993,M02,6885,41.8,3672,38.2,5189,40.2,57785,32.6
1993,M03,6881,41.6,3617,38.2,5193,39.7,57766,32.4
1993,M04,6866,42.1,3626,38.4,5190,40.3,57998,32.6
1993,M05,6859,41.8,3684,38.6,5196,40.1,58187,32.5
1993,M06,6849,41.7,3684,38.5,5190,40.0,58330,32.6
1993,M07,6851,41.9,3706,38.5,5188,40.1,58498,32.6
1993,M08,6856,41.9,3724,38.6,5195,40.1,58653,32.5
1993,M09,6886,42.0,3737,38.8,5196,40.2,58805,32.6
1993,M10,6901,42.1,3779,38.4,5192,40.2,58983,32.6
1993,M11,6921,42.2,3798,38.8,5198,40.2,59166,32.6
1993,M12,6946,42.3,3832,38.6,5192,40.1,59344,32.7
1994,M01,6985,42.3,3843,38.7,5191,40.2,59496,32.6
1994,M02,6998,41.9,3840,37.6,5201,39.6,59656,32.6
1994,M03,7025,42.6,3888,38.8,5210,40.5,59947,32.7
1994,M04,7060,42.6,3940,38.5,5216,40.5,60145,32.7
1994,M05,7084,42.7,3969,39.1,5220,40.5,60360,32.6
1994,M06,7123,42.6,3976,38.8,5228,40.6,60566,32.7
1994,M07,7133,42.6,4003,38.9,5237,40.6,60821,32.7
1994,M08,7183,42.5,4010,38.9,5246,40.6,61003,32.6
1994,M09,7213,42.5,4036,38.8,5246,40.5,61212,32.6
1994,M10,7240,42.7,4043,38.6,5250,40.6,61353,32.7
1994,M11,7275,42.6,4070,38.8,5254,40.5,61637,32.6
1994,M12,7297,42.7,4083,39.1,5259,40.6,61862,32.7
1995,M01,7320,42.8,4083,39.3,5267,40.5,62062,32.6
1995,M02,7344,42.6,4025,37.9,5255,40.4,62233,32.6
1995,M03,7358,42.4,4090,38.8,5243,40.3,62357,32.5
1995,M04,7367,41.6,4091,38.5,5242,40.0,62484,32.5
1995,M05,7360,41.9,4072,38.0,5230,40.1,62535,32.5
1995,M06,7346,42.1,4096,38.7,5227,40.1,62701,32.6
1995,M07,7335,41.9,4103,39.0,5204,40.0,62804,32.5
1995,M08,7359,42.1,4123,38.8,5208,40.0,63008,32.5
1995,M09,7366,42.1,4150,38.8,5201,40.0,63183,32.6
1995,M10,7350,42.2,4183,39.2,5185,39.9,63288,32.5
1995,M11,7341,42.2,4172,38.9,5173,39.9,63392,32.6
1995,M12,7396,41.7,4165,38.6,5155,39.8,63515,32.5
1996,M01,7381,40.7,4162,38.2,5130,38.2,63515,32.3
1996,M02,7394,42.1,4208,39.1,5137,40.1,63807,32.6
1996,M03,7361,41.8,4244,38.8,5129,40.1,63996,32.6
1996,M04,7398,42.0,4270,39.1,5107,39.9,64120,32.5
1996,M05,7414,42.2,4296,38.5,5104,40.2,64358,32.6
1996,M06,7427,42.4,4324,39.0,5095,40.3,64523,32.6
1996,M07,7424,42.2,4345,38.7,5094,40.2,64704,32.5
1996,M08,7446,42.4,4368,38.9,5102,40.3,64857,32.6
1996,M09,7452,42.5,4389,38.8,5093,40.3,64951,32.6
1996,M10,7461,42.2,4421,39.1,5098,40.3,65155,32.6
1996,M11,7468,42.3,4434,39.1,5091,40.3,65318,32.7
1996,M12,7481,42.5,4446,39.1,5091,40.4,65458,32.6
1997,M01,7493,42.2,4430,37.8,5086,40.3,65620,32.6
1997,M02,7507,42.5,4493,38.7,5087,40.3,65814,32.7
1997,M03,7528,42.7,4488,39.1,5087,40.5,66033,32.7
1997,M04,7539,42.7,4504,39.3,5080,40.4,66259,32.7
1997,M05,7553,42.6,4535,39.3,5081,40.4,66452,32.8
1997,M06,7573,42.5,4531,39.0,5073,40.2,66560,32.6
1997,M07,7584,42.5,4553,39.1,5061,40.3,66787,32.7
1997,M08,7634,42.5,4576,38.8,5067,40.4,66668,32.9
1997,M09,7646,42.5,4599,39.2,5065,40.5,67022,32.8
1997,M10,7677,42.6,4607,38.8,5067,40.5,67189,32.8
1997,M11,7709,42.6,4612,38.2,5070,40.6,67359,32.8
1997,M12,7732,42.8,4644,39.0,5069,40.7,67507,32.8
1998,M01,7757,42.6,4670,38.6,5063,40.7,67633,32.9
1998,M02,7769,42.5,4703,39.1,5060,40.5,67762,32.8
1998,M03,7770,42.3,4638,38.7,5054,40.5,67867,32.7
1998,M04,7773,41.7,4743,38.6,5042,40.4,67992,32.8
1998,M05,7762,42.1,4767,38.9,5028,40.5,68258,32.9
1998,M06,7752,42.0,4796,38.6,5018,40.5,68414,32.8
1998,M07,7565,41.9,4829,39.0,4988,40.6,68615,32.8
1998,M08,7711,42.0,4861,39.2,4989,40.6,68729,32.8
1998,M09,7724,41.8,4867,38.4,4991,40.4,68877,32.7
1998,M10,7710,42.1,4901,39.0,4961,40.5,69042,32.8
1998,M11,7684,42.1,4921,38.7,4951,40.5,69235,32.8
1998,M12,7681,42.2,4988,39.7,4945,40.5,69417,32.8
1999,M01,7664,41.9,4957,38.8,4943,40.4,69539,32.8
1999,M02,7655,42.0,5014,39.0,4921,40.5,69848,32.8
1999,M03,7661,41.8,4989,38.4,4902,40.5,69952,32.7
1999,M04,7653,41.9,5054,38.8,4887,40.4,70142,32.8
1999,M05,7652,41.9,5079,38.9,4880,40.5,70302,32.7
1999,M06,7641,41.8,5108,39.2,4863,40.5,70484,32.7
1999,M07,7667,42.0,5121,38.9,4856,40.6,70650,32.8
1999,M08,7649,42.1,5134,39.0,4849,40.5,70768,32.7
1999,M09,7648,42.1,5157,39.4,4848,40.4,70913,32.6
1999,M10,7641,42.0,5179,39.3,4843,40.5,71203,32.8
1999,M11,7646,41.9,5223,39.7,4844,40.5,71376,32.7
1999,M12,7648,41.9,5238,39.2,4841,40.4,71589,32.8
2000,M01,7661,42.1,5261,39.3,4826,40.5,71708,32.8
2000,M02,7662,42.2,5266,39.7,4821,40.6,71782,32.7
2000,M03,7673,42.0,5310,39.4,4818,40.4,71997,32.7
2000,M04,7666,42.3,5302,39.4,4815,40.7,72256,32.7
2000,M05,7669,41.7,5282,39.1,4796,40.4,72163,32.7
2000,M06,7692,41.9,5292,38.8,4784,40.4,72319,32.7
2000,M07,7693,42.1,5306,39.1,4780,40.5,72426,32.7
2000,M08,7672,41.5,5307,39.2,4755,40.3,72493,32.6
2000,M09,7646,41.6,5311,39.1,4734,40.3,72711,32.7
2000,M10,7636,41.7,5316,39.6,4720,40.2,72713,32.6
2000,M11,7633,41.6,5305,38.9,4704,40.2,72867,32.7
2000,M12,7613,40.7,5289,38.7,4696,39.7,72944,32.6
2001,M01,7546,41.0,5312,38.9,4679,40.1,72992,32.7
2001,M02,7502,40.8,5325,38.3,4652,40.0,73002,32.6
2001,M03,7447,40.8,5376,38.8,4639,39.9,72953,32.6
2001,M04,7375,40.7,5347,38.7,4608,39.9,72868,32.5
2001,M05,7285,40.7,5358,38.9,4576,39.8,72871,32.5
2001,M06,7204,40.6,5354,38.7,4538,39.9,72792,32.6
2001,M07,7127,41.0,5358,38.8,4506,40.0,72786,32.5
2001,M08,7046,40.7,5334,38.4,4448,39.8,72796,32.5
2001,M09,6983,40.4,5314,38.3,4419,39.9,72658,32.4
2001,M10,6893,40.3,5309,38.3,4392,39.8,72505,32.3
2001,M11,6811,40.3,5282,38.8,4364,39.7,72330,32.4
2001,M12,6742,40.4,5302,38.8,4339,39.9,72300,32.4
2002,M01,6670,40.4,5297,38.8,4323,39.7,72378,32.3
2002,M02,6650,40.5,5285,38.6,4300,39.8,72381,32.5
2002,M03,6616,40.8,5257,38.2,4286,40.1,72416,32.5
2002,M04,6588,40.9,5210,38.7,4273,40.1,72353,32.5
2002,M05,6572,40.9,5173,38.1,4251,40.2,72281,32.5
2002,M06,6548,41.0,5179,38.6,4247,40.2,72217,32.5
2002,M07,6531,40.7,5161,38.2,4233,40.1,72124,32.5
2002,M08,6492,40.7,5164,38.4,4205,40.2,72125,32.5
2002,M09,6466,40.8,5155,38.6,4205,40.0,72150,32.5
2002,M10,6439,40.6,5147,38.3,4190,39.9,72273,32.5
2002,M11,6403,40.7,5168,38.0,4180,39.9,72248,32.5
2002,M12,6368,40.8,5141,38.3,4155,40.0,72157,32.5
2003,M01,6341,40.7,5124,38.5,4146,39.7,72253,32.4
2003,M02,6288,40.7,5103,37.4,4130,39.8,72213,32.4
2003,M03,6251,40.6,5058,38.6,4105,40.0,72020,32.4
2003,M04,6184,40.4,5094,38.0,4075,39.7,72056,32.3
2003,M05,6160,40.6,5106,38.5,4057,39.6,72063,32.3
2003,M06,6131,40.7,5113,38.5,4033,39.7,72087,32.3
2003,M07,6088,40.6,5119,38.4,4007,39.5,72128,32.3
2003,M08,6085,40.5,5140,38.6,3995,39.6,72177,32.4
2003,M09,6070,40.9,5164,38.4,3989,39.9,72294,32.3
2003,M10,6073,41.0,5149,38.4,3981,40.0,72384,32.4
2003,M11,6082,41.4,5165,38.5,3956,40.2,72450,32.4
2003,M12,6071,41.2,5180,38.0,3958,40.0,72516,32.3
2004,M01,6084,41.5,5193,38.1,3945,40.1,72592,32.3
2004,M02,6079,41.5,5199,38.4,3935,40.3,72642,32.4
2004,M03,6086,41.5,5236,38.6,3939,40.1,72825,32.3
2004,M04,6112,41.1,5234,37.9,3947,39.9,73036,32.3
2004,M05,6141,41.6,5280,38.3,3950,40.3,73236,32.4
2004,M06,6148,41.2,5295,38.0,3938,40.1,73398,32.2
2004,M07,6153,41.2,5313,38.4,3944,40.2,73474,32.4
2004,M08,6177,41.3,5334,38.2,3938,40.2,73586,32.3
2004,M09,6174,41.1,5359,38.4,3929,40.1,73743,32.4
2004,M10,6179,41.0,5402,38.2,3923,39.8,74016,32.4
2004,M11,6170,41.0,5403,38.4,3910,39.7,74064,32.3
2004,M12,6169,41.1,5441,38.6,3895,39.8,74215,32.4
2005,M01,6167,41.2,5403,37.6,3877,40.0,74346,32.4
2005,M02,6187,41.1,5468,38.2,3868,40.0,74518,32.4
2005,M03,6189,40.9,5486,38.1,3867,39.7,74642,32.4
2005,M04,6193,40.8,5565,38.9,3855,39.8,74899,32.4
2005,M05,6207,40.8,5580,38.5,3853,39.7,74984,32.4
2005,M06,6206,40.8,5609,38.6,3843,39.6,75241,32.4
2005,M07,6199,40.9,5622,38.3,3840,39.7,75466,32.4
2005,M08,6217,40.9,5648,38.3,3827,39.7,75620,32.4
2005,M09,6220,41.2,5680,38.5,3827,39.9,75688,32.4
2005,M10,6259,41.5,5721,38.6,3813,40.1,75762,32.4
2005,M11,6275,41.5,5781,39.3,3819,40.0,75995,32.4
2005,M12,6303,41.2,5780,38.5,3810,40.2,76151,32.4
2006,M01,6336,41.4,5843,39.1,3818,40.4,76342,32.5
2006,M02,6344,41.4,5888,38.8,3822,40.5,76564,32.4
2006,M03,6364,41.5,5911,38.8,3812,40.5,76807,32.3
2006,M04,6380,41.6,5945,39.1,3810,40.5,76930,32.4
2006,M05,6385,41.5,5938,38.4,3794,40.6,77021,32.3
2006,M06,6396,41.5,5926,39.0,3794,40.7,77094,32.4
2006,M07,6388,41.7,5925,38.9,3787,40.8,77235,32.4
2006,M08,6379,41.5,5934,39.1,3780,40.6,77387,32.4
2006,M09,6356,41.3,5917,38.5,3765,40.7,77489,32.4
2006,M10,6328,41.4,5882,39.3,3743,40.7,77629,32.4
2006,M11,6304,41.2,5857,39.0,3742,40.6,77843,32.4
2006,M12,6307,41.3,5877,39.8,3732,40.7,78038,32.5
2007,M01,6288,41.2,5919,39.1,3750,40.7,78193,32.4
2007,M02,6294,41.1,5808,38.5,3742,40.6,78331,32.4
2007,M03,6275,41.5,5909,39.1,3737,40.9,78473,32.5
2007,M04,6276,41.4,5899,38.8,3727,41.0,78571,32.4
2007,M05,6278,41.4,5906,38.9,3729,40.7,78739,32.4
2007,M06,6266,41.6,5950,38.9,3728,40.9,78819,32.5
2007,M07,6256,41.5,5939,38.9,3734,40.8,78920,32.4
2007,M08,6222,41.6,5887,38.7,3717,40.8,78955,32.4
2007,M09,6223,41.6,5870,39.0,3711,40.9,79090,32.4
2007,M10,6207,41.5,5866,38.8,3703,40.8,79215,32.4
2007,M11,6210,41.5,5833,39.1,3712,40.9,79303,32.3
2007,M12,6205,41.2,5797,39.1,3719,40.8,79428,32.4
2008,M01,6196,41.4,5781,39.2,3720,40.5,79465,32.3
2008,M02,6174,41.5,5739,38.7,3714,40.6,79448,32.3
2008,M03,6151,41.6,5721,38.9,3715,40.8,79446,32.4
2008,M04,6106,41.5,5650,38.8,3699,40.6,79386,32.4
2008,M05,6084,41.3,5612,38.4,3690,40.6,79263,32.4
2008,M06,6043,41.3,5567,38.8,3676,40.6,79180,32.4
2008,M07,5996,41.2,5519,38.7,3659,40.5,79104,32.3
2008,M08,5941,41.2,5491,38.6,3643,40.4,78949,32.4
2008,M09,5883,40.7,5428,38.3,3625,40.2,78762,32.3
2008,M10,5790,40.7,5367,38.5,3598,40.2,78533,32.3
2008,M11,5731,40.3,5229,37.8,3563,40.0,78076,32.2
2008,M12,5622,39.9,5138,37.8,3516,39.6,77747,32.1
2009,M01,5423,39.8,5013,37.7,3460,39.6,77412,32.1
2009,M02,5317,39.6,4920,38.1,3423,39.6,77063,32.2
2009,M03,5208,39.3,4792,37.7,3384,39.4,76686,32.0
2009,M04,5092,39.5,4672,37.6,3360,39.4,76267,32.0
2009,M05,4974,39.3,4633,37.7,3335,39.4,76241,32.0
2009,M06,4890,39.5,4556,37.6,3311,39.8,76047,31.9
2009,M07,4874,39.9,4490,37.8,3295,39.9,75945,32.0
2009,M08,4857,40.1,4421,37.7,3292,39.9,75881,32.0
2009,M09,4844,40.3,4369,37.3,3291,39.7,75835,32.0
2009,M10,4819,40.3,4316,37.0,3286,40.1,75711,32.0
2009,M11,4802,40.6,4302,37.9,3281,40.3,75749,32.1
2009,M12,4777,40.7,4276,37.4,3271,40.4,75723,32.1
2010,M01,4771,40.9,4233,37.8,3258,40.7,75742,32.2
2010,M02,4772,40.6,4160,37.3,3259,40.4,75739,32.1
2010,M03,4780,41.1,4192,37.7,3248,40.8,75840,32.1
2010,M04,4798,41.3,4200,39.0,3252,40.8,75951,32.2
2010,M05,4821,41.6,4169,38.1,3257,41.1,76006,32.2
2010,M06,4842,41.3,4164,38.3,3256,40.6,76071,32.2
2010,M07,4849,41.4,4145,38.2,3253,40.6,76162,32.3
2010,M08,4852,41.4,4163,38.6,3247,40.9,76250,32.3
2010,M09,4863,41.6,4154,38.5,3236,41.2,76347,32.3
2010,M10,4861,41.5,4172,38.9,3235,40.8,76496,32.4
2010,M11,4865,41.7,4179,38.8,3240,40.7,76603,32.3
2010,M12,4874,41.6,4144,38.8,3243,40.8,76732,32.3
2011,M01,4900,41.4,4125,37.7,3237,40.4,76706,32.3
2011,M02,4919,41.8,4131,39.1,3240,40.9,76888,32.3
2011,M03,4939,41.9,4140,38.5,3244,40.7,77066,32.3
2011,M04,4960,41.7,4143,39.2,3252,40.8,77289,32.4
2011,M05,4972,41.9,4170,39.1,3246,40.9,77392,32.4
2011,M06,4984,41.8,4175,39.0,3238,40.8,77543,32.4
2011,M07,4997,41.8,4194,39.0,3248,40.9,77658,32.5
2011,M08,5012,41.8,4195,39.0,3248,40.7,77777,32.3
2011,M09,5019,41.7,4222,39.1,3250,40.8,77964,32.3
2011,M10,5033,41.9,4224,38.8,3244,41.0,78119,32.5
2011,M11,5040,41.8,4236,39.1,3229,40.9,78301,32.4
2011,M12,5064,42.0,4244,39.2,3231,40.9,78473,32.4
2012,M01,5091,42.2,4256,39.2,3233,41.1,78708,32.6
2012,M02,5114,42.2,4237,39.3,3237,41.1,78974,32.5
2012,M03,5138,42.0,4242,39.2,3248,40.9,79104,32.4
2012,M04,5149,42.2,4242,39.2,3246,41.0,79183,32.4
2012,M05,5161,42.0,4216,39.1,3251,40.9,79331,32.4
2012,M06,5163,42.1,4225,39.1,3251,40.9,79374,32.4
2012,M07,5183,42.2,4233,39.1,3257,41.1,79458,32.4
2012,M08,5169,41.8,4244,39.0,3260,41.0,79610,32.4
2012,M09,5159,41.8,4248,39.2,3261,41.0,79777,32.5
2012,M10,5160,41.8,4260,39.3,3262,41.1,79932,32.4
2012,M11,5168,41.8,4267,39.1,3244,41.1,80063,32.4
2012,M12,5174,42.0,4298,39.5,3239,41.2,80220,32.5
2013,M01,5179,41.9,4331,39.6,3246,41.1,80272,32.4
2013,M02,5179,42.3,4365,39.6,3246,41.2,80445,32.5
2013,M03,5173,42.3,4377,39.8,3237,41.2,80575,32.5
2013,M04,5176,42.2,4373,39.5,3237,41.2,80735,32.4
2013,M05,5171,42.0,4400,39.8,3233,41.2,80879,32.4
2013,M06,5172,42.1,4422,39.5,3228,41.2,81017,32.5
2013,M07,5157,42.0,4426,39.4,3227,41.2,81179,32.3
2013,M08,5179,42.3,4445,39.5,3227,41.3,81334,32.4
2013,M09,5196,42.3,4466,39.5,3230,41.1,81449,32.4
2013,M10,5208,42.3,4488,39.3,3239,41.1,81605,32.3
2013,M11,5220,42.5,4510,39.7,3246,41.1,81772,32.4
2013,M12,5214,42.3,4489,38.9,3252,41.2,81866,32.4
2014,M01,5208,41.9,4529,39.0,3258,41.1,81973,32.3
2014,M02,5231,42.1,4541,38.5,3263,40.9,82065,32.2
2014,M03,5241,42.5,4562,39.8,3269,41.4,82275,32.4
2014,M04,5251,42.4,4596,39.4,3274,41.1,82457,32.4
2014,M05,5260,42.6,4611,39.5,3273,41.3,82625,32.4
2014,M06,5282,42.6,4629,39.5,3277,41.4,82793,32.4
2014,M07,5299,42.5,4663,39.8,3281,41.2,82917,32.4
2014,M08,5310,42.5,4682,39.7,3283,41.3,83056,32.4
2014,M09,5307,42.6,4708,39.8,3290,41.4,83194,32.4
2014,M10,5322,42.6,4719,39.7,3296,41.4,83310,32.4
2014,M11,5334,42.6,4719,39.6,3311,41.6,83479,32.5
2014,M12,5336,42.4,4740,39.8,3315,41.7,83683,32.5
2015,M01,5333,42.3,4757,39.7,3313,41.6,83789,32.4
2015,M02,5339,42.2,4780,39.8,3314,41.5,83954,32.5
2015,M03,5341,42.1,4761,39.5,3319,41.4,84083,32.4
2015,M04,5339,42.1,4798,39.4,3321,41.4,84192,32.4
2015,M05,5360,42.1,4831,39.3,3325,41.4,84462,32.4
2015,M06,5361,42.2,4848,39.8,3331,41.1,84566,32.3
2015,M07,5359,42.1,4867,39.6,3345,41.2,84662,32.4
2015,M08,5359,42.1,4884,39.8,3332,41.4,84810,32.5
2015,M09,5361,42.0,4901,39.7,3333,41.3,84947,32.4
2015,M10,5356,42.0,4935,40.0,3348,41.4,85126,32.4
2015,M11,5345,42.1,4977,39.6,3351,41.3,85264,32.4
2015,M12,5341,42.2,5021,40.1,3355,41.1,85458,32.5
2016,M01,5342,42.4,5007,39.8,3364,41.2,85521,32.5
2016,M02,5330,42.2,5008,39.6,3362,41.1,85685,32.4
2016,M03,5321,42.1,5039,39.3,3358,41.2,85857,32.3
2016,M04,5319,42.3,5053,39.6,3353,41.2,85954,32.4
2016,M05,5300,42.4,5051,39.4,3354,41.2,86039,32.4
2016,M06,5300,42.2,5056,39.7,3372,41.2,86234,32.3
2016,M07,5308,42.5,5073,39.7,3379,41.1,86419,32.4
2016,M08,5288,42.3,5073,39.4,3374,41.0,86562,32.3
2016,M09,5282,42.3,5097,39.8,3375,41.2,86758,32.4
2016,M10,5282,42.4,5120,39.8,3370,41.3,86865,32.4
2016,M11,5279,42.3,5135,39.9,3371,41.2,86975,32.3
2016,M12,5290,42.3,5141,39.5,3373,41.2,87131,32.3
2017,M01,5295,42.3,5163,39.4,3373,41.2,87309,32.3
2017,M02,5294,42.4,5177,39.6,3398,41.2,87471,32.3
2017,M03,5299,42.3,5190,39.3,3403,41.0,87555,32.3
2017,M04,5296,42.4,5198,39.6,3413,41.3,87703,32.5
2017,M05,5300,42.4,5201,39.8,3414,41.2,87820,32.4
2017,M06,5302,42.4,5220,39.6,3411,41.4,87954,32.4
2017,M07,5287,42.2,5223,39.5,3419,41.4,88101,32.4
2017,M08,5322,42.3,5248,39.7,3424,41.4,88168,32.4
2017,M09,5331,42.3,5256,39.4,3429,41.2,88188,32.4
2017,M10,5339,42.4,5267,39.7,3434,41.4,88344,32.5
2017,M11,5354,42.4,5288,40.0,3434,41.5,88479,32.5
2017,M12,5368,42.2,5304,39.7,3437,41.2,88500,32.5
2018,M01,5385,42.2,5320,39.3,3436,41.4,88557,32.3
2018,M02,5397,42.6,5348,40.0,3427,41.8,88776,32.5
2018,M03,5416,42.5,5368,40.0,3424,41.6,88857,32.4
2018,M04,5432,42.7,5390,40.0,3425,41.8,88989,32.4
2018,M05,5436,42.3,5430,40.2,3433,41.8,89228,32.4
2018,M06,5463,42.6,5446,39.9,3438,41.5,89344,32.5
2018,M07,5478,42.5,5466,40.1,3443,41.8,89401,32.5
2018,M08,5479,42.5,5487,39.7,3445,41.6,89526,32.5
2018,M09,5498,42.3,5499,39.4,3440,41.6,89566,32.4
2018,M10,5514,42.5,5505,39.6,3439,41.4,89650,32.4
2018,M11,5525,42.3,5491,39.5,3437,41.4,89748,32.4
2018,M12,5540,42.5,5519,39.9,3435,41.4,89823,32.4
2019,M01,5570,42.3,5551,40.4,3437,41.5,89972,32.4
2019,M02,5566,42.0,5499,39.0,3429,41.2,89999,32.4
2019,M03,5558,42.0,5530,39.8,3430,41.2,90134,32.5
2019,M04,5544,42.0,5559,39.6,3423,41.1,90295,32.4
2019,M05,5537,41.9,5573,39.6,3422,41.0,90319,32.4
2019,M06,5539,42.1,5592,39.8,3424,41.0,90424,32.4
2019,M07,5529,41.8,5601,39.5,3420,40.9,90488,32.3
2019,M08,5529,41.9,5618,39.8,3423,40.9,90587,32.4
2019,M09,5524,41.8,5630,40.4,3429,40.8,90713,32.4
2019,M10,5473,41.7,5634,39.8,3429,40.9,90819,32.3
2019,M11,5508,41.8,5624,39.6,3436,40.9,90944,32.3
2019,M12,5503,41.7,5596,39.3,3429,40.9,91086,32.4
2020,M01,5488,41.5,5640,39.6,3422,40.9,91289,32.4
2020,M02,5491,41.8,5657,39.3,3420,41.1,91473,32.4
2020,M03,5466,41.3,5622,39.5,3402,41.0,90188,32.1
2020,M04,4669,38.1,4746,38.4,3123,39.1,74344,32.6
2020,M05,4759,39.4,5157,39.2,3189,39.4,76509,33.1
2020,M06,5062,40.0,5298,39.4,3244,39.7,80163,33.0
2020,M07,5082,41.0,5292,39.4,3246,40.3,81545,32.9
2020,M08,5079,41.3,5342,39.4,3273,40.7,82467,33.1
2020,M09,5102,41.4,5355,39.2,3282,40.8,83376,33.1
2020,M10,5099,41.5,5409,39.3,3295,41.1,84046,33.2
2020,M11,5129,41.5,5424,39.5,3289,41.0,84486,33.2
2020,M12,5144,41.6,5451,39.6,3310,41.2,84195,33.1
2021,M01,5145,41.8,5463,39.8,3311,41.1,84426,33.3
2021,M02,5158,41.4,5374,38.3,3313,41.3,84967,33.0
2021,M03,5188,41.9,5505,40.0,3321,41.3,85341,33.3
2021,M04,5147,41.7,5477,39.9,3310,41.5,85574,33.3
2021,M05,5185,41.6,5464,39.4,3314,41.4,85877,33.3
2021,M06,5212,41.3,5467,39.2,3316,41.5,86367,33.2
2021,M07,5265,41.5,5466,39.5,3328,41.6,86981,33.2
2021,M08,5298,41.5,5488,39.5,3339,41.4,87284,33.1
2021,M09,5314,41.4,5521,40.5,3346,41.4,87697,33.1
2021,M10,5354,41.2,5550,39.3,3362,41.3,88321,33.1
2021,M11,5365,41.6,5602,39.9,3386,41.3,88818,33.1
2021,M12,5391,41.5,5626,40.1,3399,41.3,89272,33.1
2022,M01,5411,41.3,5623,39.4,3405,40.7,89407,32.8
2022,M02,5422,41.8,5647,40.0,3429,41.2,90198,33.0
2022,M03,5473,41.9,5698,39.3,3441,41.0,90450,33.1
2022,M04,5502,41.6,5688,39.6,3459,40.7,90601,33.0
2022,M05,5498,41.4,5722,39.7,3473,40.7,90653,32.9
2022,M06,5506,41.3,5730,39.5,3488,40.5,90898,33.0
2022,M07,5521,41.5,5754,39.6,3498,40.4,91243,32.9
2022,M08,5550,41.2,5758,39.5,3493,40.4,91388,32.9
2022,M09,5570,41.4,5779,39.6,3501,40.4,91526,32.9
2022,M10,5584,41.4,5798,39.7,3507,40.3,91778,32.9
2022,M11,5596,41.1,5802,39.2,3496,40.5,91916,32.8
2022,M12,5610,40.8,5815,39.3,3492,39.9,91995,32.8
2023,M01,5609,41.1,5852,40.1,3501,40.5,92293,32.9
2023,M02,5609,41.0,5849,39.8,3499,40.1,92457,32.8
2023,M03,5606,40.9,5853,39.6,3492,40.3,92521,32.7
2023,M04,5600,40.9,5865,39.5,3502,40.3,92668,32.7
2023,M05,5598,41.1,5866,39.4,3495,40.3,92862,32.7
2023,M06,5606,41.2,5883,39.6,3489,40.1,92938,32.7
2023,M07,5606,41.0,5890,39.5,3479,40.3,93039,32.7
2023,M08,5593,41.0,5914,39.8,3476,40.4,93098,32.7
2023,M09,5595,40.9,5912,39.6,3477,40.4,93297,32.7
2023,M10,5555,40.9,5922,39.8,3483,40.4,93387,32.6
2023,M11,5588,40.7,5941,40.2,3478,40.2,93515,32.6
2023,M12,5590,40.5,5952,39.8,3474,39.9,93703,32.6
,,,,,39.1,,,,
